[
    {
        "id": "665bad578e35f7aa7d019b86",
        "type": "faculty_department",
        "title": "GÉNIE INFORMATIQUE",
        "content": "Chef: Pr.EL BRAK Mohamed Email: melbrak@uae.ac.ma",
        "metadata": {
            "url": "https://fstt.ac.ma/Portail2023/les-departement/"
        }
    },
    {
        "id": "665bad578e35f7aa7d019b87",
        "type": "faculty_department",
        "title": "GÉNIE CHIMIQUE",
        "content": "Chef: Pr.CHABBI Mohamed Email: mchabbi@uae.ac.ma",
        "metadata": {
            "url": "https://fstt.ac.ma/Portail2023/les-departement/"
        }
    },
    {
        "id": "665bad578e35f7aa7d019b88",
        "type": "faculty_department",
        "title": "SCIENCES DE LA TERRE",
        "content": "Chef: Pr.BOULAASSAL Hakim Email: h.boulaassal@uae.ac.ma",
        "metadata": {
            "url": "https://fstt.ac.ma/Portail2023/les-departement/"
        }
    },
    {
        "id": "665bad578e35f7aa7d019b89",
        "type": "faculty_department",
        "title": "GÉNIE MÉCANIQUE",
        "content": "Chef: Pr.ELAYACHI Ilham Email: i.elayachi@uae.ac.ma",
        "metadata": {
            "url": "https://fstt.ac.ma/Portail2023/les-departement/"
        }
    },
    {
        "id": "665bad578e35f7aa7d019b8a",
        "type": "faculty_department",
        "title": "SCIENCES DE LA VIE",
        "content": "Chef: Pr.HASSANI ZERROUK Mounir Email: mhassani@uae.ac.ma",
        "metadata": {
            "url": "https://fstt.ac.ma/Portail2023/les-departement/"
        }
    },
    {
        "id": "665bad578e35f7aa7d019b8b",
        "type": "faculty_department",
        "title": "GÉNIE ELECTRIQUE",
        "content": "Chef: Pr.HADJ BARAKA Ibrahim Email: ihadjbaraka@uae.ac.ma",
        "metadata": {
            "url": "https://fstt.ac.ma/Portail2023/les-departement/"
        }
    },
    {
        "id": "665bad578e35f7aa7d019b8c",
        "type": "faculty_department",
        "title": "TEC",
        "content": "Chef: Pr.OUCHEN MOHAMED Email: mouchen@uae.ac.ma",
        "metadata": {
            "url": "https://fstt.ac.ma/Portail2023/les-departement/"
        }
    },
    {
        "id": "665bad578e35f7aa7d019b8d",
        "type": "faculty_department",
        "title": "PHYSIQUE",
        "content": "Chef: Pr.AJDOUR Mounia Email: majdour@uae.ac.ma",
        "metadata": {
            "url": "https://fstt.ac.ma/Portail2023/les-departement/"
        }
    },
    {
        "id": "665bad578e35f7aa7d019b8e",
        "type": "faculty_department",
        "title": "MATHÉMATIQUES",
        "content": "Chef: Pr.EL HALIMI RACHID Email: r.elhalimi@uae.ac.ma",
        "metadata": {
            "url": "https://fstt.ac.ma/Portail2023/les-departement/"
        }
    }
]