[
    {
        "id": "665bad588e35f7aa7d019bb2",
        "type": "initial_education",
        "title": "FORMATION INITIALE",
        "content": "La FST de Tanger a pour mission de dispenser lenseignement supérieur en formation initiale et en formation continue et de mener tous les travaux de recherche dans les champs disciplinaires relevant notamment des Sciences et Techniques et des sciences de lingénieur. Dans le cadre de la réforme pédagogique, la FST de Tanger a adopté larchitecture du système LMD : Licence  Master  Doctorat. Elle prépare et délivre les diplômes:DEUST : Diplôme dEtudes Universitaire en Sciences et TechniquesLST : Licence sciences et TechniquesMST : Master Sciences et TechniquesDiplôme dIngénieurs dÉtatDoctorat en Sciences et TechniquesEn parallèle à ces diplômes la FST est également habilitée à délivrer :DUT : Diplôme Universitaire de Technologie",
        "metadata": {
            "url": "https://fstt.ac.ma/Portail2023/formation-initiale/"
        }
    }
]