[
    {
        "id": "665bad588e35f7aa7d019b92",
        "type": "deans_message",
        "title": "Mot du Doyen",
        "content": "Le monde daujourdhui connait des évolutions majeures et complexes caractérisées par la globalisation des échanges et lintensification de la concurrence. Le Maroc néchappe pas à cette tendance. Il est confronté à des enjeux de développement et de croissance basés essentiellement sur le capital humain. Doù la nécessité, pour le Maroc, de se doter dun système déducation et de formation performant productif de savoir et innovateur afin de produire des compétences et des profils qualifiés, une jeunesse en mesure de répondre au besoin du marché et de prendre en charge tant les entreprises des divers secteurs de léconomie que les organismes investis de missions de service public, de même que les chercheurs et les intellectuels indispensables au développement dune société du savoir et déconomie.Notre projet de développement de la FST de Tanger est conscient du rôle que doit jouer cette dernière dans le développement socio-économique régional et national où elle ne doit plus se contenter dassurer seulement ses missions classiques de formations générales scientifiques et techniques. Elle doit aussi étendre son rôle à léducation citoyenne par la formation de nouvelles générations de cadre, conscients de leurs responsabilités en tant que vecteurs de développement social et économique du Royaume, et entièrement acquis aux valeurs sacrées de notre pays et aux valeurs universelles humaines de droiture, dintégrité, douverture, de tolérancePartant des orientations du Nouveau Modèle de Développement, de la stratégie nationale 2015-2030 et du projet de développement de luniversité, notre ambition pour cet établissement est den faire une institution attractive, performante, citoyenne et une locomotive du développement socio-économique de la région Tanger Tétouan Al Hoceima.Concrètement notre projet de développement de létablissement a pour objectifs principaux : Développer une offre de formation innovante, diversifiée et qui répond aux attentes des étudiants et aux besoins du secteur socio-économique. Développer une recherche scientifique dexcellence alignée sur les thématiques prioritaires de développement économique, ancrée dans son territoire et ouverte à linternationale. Améliorer la gouvernance de létablissement. Développer la digitalisation des différentes activités de létablissement (enseignement, recherche et gestion administrative). Améliorer les conditions daccueil, dintégration, et daccompagnement des étudiants Développer davantage la mobilité internationale des étudiants et du personnel académique et administratif. Améliorer lemployabilité des lauréats.Enfin, la FST de Tanger, mérite toute notre engagement et nous mettrons toute notre énergie, notre expérience, notre volonté dagir et notre temps à son service, pour quelle soit un établissement dexcellence ouvert sur son environnement socio-économique et visible à léchelle nationale et internationale.",
        "metadata": {
            "url": "https://fstt.ac.ma/Portail2023/mot-du-doyen/"
        }
    }
]