[
    {
        "id": "665bad588e35f7aa7d019bfe",
        "type": "initial_education_info",
        "title": "DEUST",
        "content": "Formation: MATHÉMATIQUES-INFORMATIQUE-PHYSIQUE-CHIMIE Objectifs: Lobjectif du tronc commun MIPC est de donner à létudiant une base solide dans les matières scientifiques (physique, chimie et mathématiques etc) qui vont lui permettre de continuer ses études dans les semestres S5 et S6 des cycles licences qui émanent de ce parcours tout en gardant la possibilité de se réorienter vers dautres troncs communs comme MIP et GEGM. Également, ce tronc commun permet à létudiant de postuler à des concours daccès aux cycles ingénieurs dispensés dans notre établissement et aussi à des concours nationaux ou internationaux des écoles dingénieurs. Programme: Semestre 1 Circuits électriques et électroniques Electricité Analyse 1 : Fonction dune variable réelle Algèbre 1 : Polynômes et espaces vectoriels Algorithmique et Programmation 1 Langues et Communication -LC1Semestre 2 Thermodynamique Mécanique du point et Optique géométrique Analyse 2 : Calcul intégral et équations différentielles Algèbre 2 : Réduction des endomorphismes et formes quadratiques Structure de la matière Langues et Communication LC2Semestre 3 Électromagnétisme Analyse 3 : Fonctions de plusieurs variables et calcul des intégrales multiples Statistique descriptiveprobabilités Algorithmique et Programmation 2 Réactivité chimique LC3Semestre 4 Mécanique des Solides Mécanique quantique et Relativité Analyse 4: Séries de fonctions et calcul des résidus Structure de données en C Chimie organique 1 Chimie minérale 1",
        "metadata": {
            "url": "https://fstt.ac.ma/Portail2023/mathematiques-informatique-physique-chimie/"
        }
    },
    {
        "id": "665bad588e35f7aa7d019bff",
        "type": "initial_education_info",
        "title": "DEUST",
        "content": "Formation: MATHÉMATIQUE-INFORMATIQUE-PHYSIQUE Objectifs: Lobjectif du tronc commun MIP est de donner à létudiant une base solide dans les matières scientifiques (physique, chimie et mathématiques etc) qui vont lui permettre de continuer ses études dans les semestres S5 et S6 des cycles licences qui émanent de ce parcours tout en gardant la possibilité de se réorienter vers dautres troncs communs comme MIPC et GEGM. Également, ce tronc commun permet à létudiant de postuler à des concours daccès aux cycles ingénieurs dispensés dans notre établissement et aussi à des concours nationaux ou internationaux des écoles dingénieurs. Programme: Semestre 1 Circuits électriques et électroniques Electricité Analyse 1 : Fonction dune variable réelle Algèbre 1 : Polynômes et espaces vectoriels Algorithmique et Programmation 1 Langues et Communication -LC1Semestre 2 Thermodynamique Mécanique du point et Optique géométrique Analyse 2 : Calcul intégral et équations différentielles Algèbre 2 : Réduction des endomorphismes et formesquadratiques Structure de la matière Langues et Communication LC2Semestre 3 Mécanique des Solides Analyse 3 : Fonctions de plusieurs variables et calcul des intégrales multiples Statistique descriptiveprobabilités Algorithmique et Programmation 2 Réactivité chimique Langues et Communication LC3Semestre 4 Électromagnétisme  Mécanique quantique et Relativité Analyse 4: Séries de fonctions et calcul des résidus Structure de données en C Chimie organique 1 Chimie minérale 1",
        "metadata": {
            "url": "https://fstt.ac.ma/Portail2023/mathematique-informatique-physique/"
        }
    },
    {
        "id": "665bad588e35f7aa7d019c00",
        "type": "initial_education_info",
        "title": "Filières de Licence en Sciences et Techniques (LST)",
        "content": "Formation: LST: Energies Renouvelables Objectifs: Approfondir les connaissances scientifiques et techniques en énergies renouvelables. Ce domaine inclut lénergie solaire, éolienne, géothermique, hydraulique, thermoélectrique, Lénergie de la biomasse, le stockage de lénergie, lefficacité énergétique. Elle permettra aux étudiants de pouvoir créer leur entreprise pour linstallation et lentretien des mini installations photovoltaïques, éolienne, donner du conseil au niveau EnR, ou intégrer des cycles dingénieurs ou de Master spécialisés. Programme: Semestre 5 Calcul ScientifiqueTraitement du Signal Mécanique des FluidesTransferts Thermiques Génie des Matériaux Convertisseurs Statiques dÉnergie Électrique Électrotechnique et Machines Électriques Production des Énergies RenouvelablesSemestre 6 Énergie Solaire Énergie Éolienne Maintenance et fiabilitéGestion de projets- Législation Projet de fin détudes",
        "metadata": {
            "url": "https://fstt.ac.ma/Portail2023/lst-energies-renouvelables/"
        }
    },
    {
        "id": "665bad588e35f7aa7d019c01",
        "type": "initial_education_info",
        "title": "DEUST",
        "content": "Formation: BIOLOGIE-CHIMIE-GEOLOGIE Objectifs: Le tronc commun BCG est un cursus qui comporte un ensemble de modules pris dans plusieurs champs disciplinaires et ayant pour objectif de faire acquérir des connaissances, des aptitudes et des compétences. Donner à létudiant les outils méthodologique pour quil puisse organiser son travail et développer un esprit de synthèse, de rigueur et dinitiative. Lobjectif de cette formation et de donner à létudiant les possibilités d'orienter sa carrière vers les licences de chimie, de biologie et de géologie. Également, ce tronc commun permet à létudiant de postuler à des concours daccès aux cycles ingénieurs de notre établissement ainsi quau concours nationaux ou internationaux des écoles dingénieurs. Programme: Semestre 1 Biologie cellulaire Optique et Radioactivité Cosmologie  Géodynamique interne Structure de la matière Algèbre Langues et Communication -LC1Semestre 2 Biologie animale Thermodynamique Mécanique des fluides Géodynamique externe Réactivité chimique Analyse Langues et Communication LC2Semestre 3 Biologie végétale Électricité Stratigraphie  Paléo-environnement Chimie Organique 1 Chimie Minérale 1 ProbabilitésStatistiquesSemestre 4 Biochimie structurale Microbiologie Chimie organique 2 chimie minérale 2 Biochimie métabolique Base de données Langues et Communication LC3",
        "metadata": {
            "url": "https://fstt.ac.ma/Portail2023/biologie-chimie-geologie/"
        }
    },
    {
        "id": "665bad588e35f7aa7d019c08",
        "type": "initial_education_info",
        "title": "Filières de Licence en Sciences et Techniques (LST)",
        "content": "Formation: LST: Biotechnologies Objectifs: Lobjectif de la licence Biotechnologie consiste à former des étudiants dans les différents champs disciplinaires de la biologie moderne et de permettre aux étudiants dacquérir de solides connaissances scientifiques pour une réelle compréhension du Vivant. Lenseignement est conçu pour allier concepts fondamentaux et apprentissage des outils méthodologiques. Il est également conçu pour étendre les compétences au-delà du domaine de la biologie, en particulier vers le monde économique. Ce parcours de licence vise donc à : Donner des bases fondamentales et des techniques dans le domaine de la biologie moléculaire, de la génétique, de limmunologie, du génie microbiologique, de lenzymologie, de la physiologie animale ou végétale, de la biotechnologie animale ou végétale, de lEcologie appliquée à la biologie et de la lutte biologique. Sensibiliser les étudiants aux évolutions technologiques des disciplines concernées. Permettre aux étudiants d'accéder à un Master. Intégrer la réflexion scientifique aux problèmes de société. Programme: Semestre 5 Biologie moléculaire Génétique Enzymologie Immunologie et immunotechnologie Génie Microbiologique Techniques appliquées à la BiologieSemestre 6 ( Option : végétale) Valorisation des ressources végétales et génie des biomolécules Physiologie végétale Biotechnologie végétale Projet de fin détudesSemestre 6 ( Option : Animale) Ecologie appliquée à la biologie et lutte biologique Physiologie Animale Biotechnologie Animale Projet de fin détudes",
        "metadata": {
            "url": "https://fstt.ac.ma/Portail2023/lst-biotechnologies/"
        }
    },
    {
        "id": "665bad598e35f7aa7d019c12",
        "type": "initial_education_info",
        "title": "Filières de Licence en Sciences et Techniques (LST)",
        "content": "Formation: LST 8 : Génie des Procédés Objectifs: Formation visant à donner aux étudiants des bases solides en chimie, physique, mathématiques, informatique et de gestion des procédés industriels. Les lauréats de la formation seront capables de conduire des ateliers de fabrication continue et séquentielle, de manager une équipe, de connaître et de prendre en compte les contraintes de sécurité, denvironnement et de lorganisation scientifique du travail. Programme: Semestre 5 Calculs des réacteurs Bilan Matière et Énergie Opérations Unitaires Mécanique des fluides et Hydraulique Optimisation des Procédés Industrielle Modélisation des processus et Régulation des ProcédésSemestre 6 Matériaux et Industrie chimique Procédés de Dépollution Valorisation des Ressources Projet de fin détudes",
        "metadata": {
            "url": "https://fstt.ac.ma/Portail2023/lst-8-genie-des-procedes/"
        }
    },
    {
        "id": "665bad5a8e35f7aa7d019c20",
        "type": "initial_education_info",
        "title": "Filières de Licence en Sciences et Techniques (LST)",
        "content": "Formation: LST: Génie Civil Objectifs: Former les étudiants aux sciences mécaniques en général et au génie civil en particulier ;Doter les étudiants des outils théoriques, numériques et pratiques pour les applications de la Mécanique aux technologies du Génie Civil et aux techniques de la mécanique des structures ;Dispenser une formation fondamentale en mécanique des structures et en Génie Civil leur permettant la poursuite des études. Programme: Semestre 5 Mécanique des milieux continus et Outils Techniques en Génie Civil Résistance des matériaux Béton armé Mécanique des sols et notions de base de la géotechnique Matériaux de construction Méthodes numériques et calcul scientifiqueSemestre 6 Analyse et calcul des structures Électricité du bâtiment Hydraulique et Assainissement Projet de fin détudes",
        "metadata": {
            "url": "https://fstt.ac.ma/Portail2023/lst-genie-civil/"
        }
    },
    {
        "id": "665bad5a8e35f7aa7d019c21",
        "type": "initial_education_info",
        "title": "DEUST",
        "content": "Formation: GÉNIE ELECTRIQUE  GÉNIE MÉCANIQUE Objectifs: Lobjectif du tronc commun GEGM est de donner à létudiant une base solide en matières scientifiques (physique, chimie et mathématiques etc) et techniques (Electrotechnique, Automatique, mécanique et instrumentation et métrologie) qui vont lui permet de continuer ses études en licences qui émanent de ce parcours tout en gardant la possibilité de se réorienter à dautres licences des autres troncs communs comme MIP et MIPC. Également, ce tronc commun permet à létudiant de postuler à des concours nationaux ou internationaux des écoles dingénieurs. Programme: Semestre 1 Circuits électriques et électroniques Electricité Analyse 1 : Fonction dune variable réelle Algèbre 1 : Polynômes et espaces vectoriels Algorithmique et Programmation 1 Langues et Communication -LC1Semestre 2 Thermodynamique Mécanique du point et Optique géométrique Analyse 2 : Calcul intégral et équations différentielles Algèbre 2 : Réduction des endomorphismes et formesquadratiques Structure de la matière Langues et Communication LC2Semestre 3 Mécanique des Solides Electronique Statistique descriptiveprobabilités Algorithmique et Programmation 2 Métrologie et instrumentation GestionSemestre 4 Electrotechnique Automatique Fabrication mécanique Construction mécanique Informatique 3 Analyse numérique",
        "metadata": {
            "url": "https://fstt.ac.ma/Portail2023/genie-electrique-genie-mecanique/"
        }
    },
    {
        "id": "665bad5a8e35f7aa7d019c22",
        "type": "initial_education_info",
        "title": "Filières de Licence en Sciences et Techniques (LST)",
        "content": "Formation: LST : Génie Industriel Objectifs: Cette formation pluridisciplinaire garantit louverture desprit nécessaire pour appréhender et dominer les problèmes concernant un projet industriel dont laspect technique ne constitue quune partie parmi dautres. Létudiant disposant dune licence Sciences et techniques Génie Industriel pourra poursuivre ses études supérieures dans les différentes grandes écoles ou bien en Master Science et Techniques. Il pourra aussi intégrer le tissu industriel essentiellement les PMEPMI. Programme: Semestre 5 Machines Hydrauliques Gestion de production Machines Thermiques Gestion de la qualité Gestion de la maintenance et sureté de fonctionnement Matériaux et RDMSemestre 6 Logistique et Supply Chain Management Optimisation des Systèmes Management de projet Projet de fin détudes",
        "metadata": {
            "url": "https://fstt.ac.ma/Portail2023/lst-genie-industriel/"
        }
    },
    {
        "id": "665bad5b8e35f7aa7d019c2c",
        "type": "initial_education_info",
        "title": "Filières de Licence en Sciences et Techniques (LST)",
        "content": "Formation: LST: Génie Electrique Option: GénieElectrique  Système Industriel Objectifs: Lobjectif de la licence Génie électrique est de donner aux étudiants les éléments de base en physique mathématique et informatique et de leur apporter une formation solide dans les domaines du génie électrique, en particulier en électronique électrotechnique. Ce qui leur permettra de préparer un master à dominante ingénierie EEA ou dintégrer les grandes écoles dingénieurs. Ils pourront aussi se présenter aux différentes fonctions publiques ou privées exigeant le niveau de la licence. Les étudiants sont également initiés à la vie professionnelle par le biais de stages au sein des entreprises. Programme: Semestre 5 Traitement de signal  Télécommunication Actionneurs industriels Électronique et systèmes Automatismes Électronique de puissance Gestion de maintenance et sûreté de fonctionnementSemestre 6 Management du projet  Microcontrôleur microprocesseur  Réseaux et base de données Projet de fin détudes",
        "metadata": {
            "url": "https://fstt.ac.ma/Portail2023/lst-genie-electrique-option-genieelectrique-systeme-industriel/"
        }
    },
    {
        "id": "665bad5b8e35f7aa7d019c2d",
        "type": "initial_education_info",
        "title": "Filières de Licence en Sciences et Techniques (LST)",
        "content": "Formation: LST: Design Industriel et Productique Objectifs: Le Lauréat de Licence en Design et Productique en Génie Mécanique, à travers sa formation technique et scientifique, sera en mesure de suivre et dintervenir dans toutes les étapes de Design, de réalisation, de Contrôle et de suivi du produit tout au long de son cycle de vie. Programme: Semestre 5 Choix des matériaux, dimensionnement et essais Eléments de machines Machines industrielles Management Industriel CAO : Conception Assistée par Ordinateur Métrologie et Contrôle de QualitéSemestre 6 FAO : Fabrication Assistée par Ordinateur Prototypage Rapide Innovation et créativité Projet de fin détudes",
        "metadata": {
            "url": "https://fstt.ac.ma/Portail2023/lst-design-industriel-et-productique/"
        }
    },
    {
        "id": "665bad5e8e35f7aa7d019c35",
        "type": "initial_education_info",
        "title": "Filières de Licence en Sciences et Techniques (LST)",
        "content": "Formation: LST : Analytique des données Objectifs: La Licence Science et Techniques en analytique des données permet aux étudiants de doter de compétences en matière d'outils informatiques, des techniques et des méthodes statistiques pour permettre dorganiser, de synthétiser et de traduire efficacement les données métier dune organisation. L'étudiant doit être en mesure d'apporter un appui analytique à la conduite d'exploration et à l'analyse complexe de données. Programme: Semestre 5 Mathématiques pour la science des données Structures des données avancées et théorie des graphes Fondamentaux des bases de données Algorithmique avancée et programmation Développement WEB Développement personnel et intelligence émotionnelle (Soft skills)Semestre 6 Analyse et fouille de données Systèmes et réseaux Ingénierie des données  PFE",
        "metadata": {
            "url": "https://fstt.ac.ma/Portail2023/lst-analytique-des-donnees/"
        }
    },
    {
        "id": "665bad5e8e35f7aa7d019c36",
        "type": "initial_education_info",
        "title": "Filières de Master en Sciences et Techniques (MST)",
        "content": "Formation: MST : Ingénierie Environnementale, Changement Climatique et Développement Durable Objectifs: Ce Master  IE2C2D  a été préparé dans le cadre dune convention de partenariat entre lUniversité Abdelmalek Essaâdi (UAE) et le Centre de Compétences Changements Climatiques du Maroc (4C Maroc) avec le soutien du Programme des Nations Unies pour le Développement (PNUD). Ce master a pour but de répondre à la demande extrêmement forte de former des experts professionnels multidisciplinaires en changement climatique capables délaborer des projets et de concevoir des stratégies pour le développement. Cette formation fournit des bases fondamentales et appliquées indispensable pour traiter des problèmes environnementaux, et des problèmes de changement climatique, et aussi initier des stratégies de développement durable. Les modules de cette filière sont relatifs aux études de lIngénierie Environnementale, Changement climatique et Développement Durable. Elle offre une formation de professionnalisation et de recherche-développement. Ces experts seront amenés à travailler dans les métiers verts de différents secteurs publics ou privés touchant aux domaines dadaptation au changement climatique, Atténuation au changement climatique, de l'ingénierie environnementale ou du développement économique et de l'expertise. Ils pourront intervenir sur des problématiques aussi variées que les risques naturels, les pollutions chimiques ou physiques et leurs impacts sur les écosystèmes, mais aussi sur des aspects liés au développement durable, à la gestion de lenvironnement. Programme: Semestre 1 Gestions des Ressources Hydriques et Changement Climatique Développement Durable et Changement Climatique Gestion des Déchets et Economie Circulaire Analyse de Cycle de Vie et Empreinte Carbone Formation et Traitement des Polluants Atmosphérique Méthodes de Collecte et Analyse de DonnéesSemestre 2 Techniques d'Expressions et Anglais Scientifique Énergies Renouvelables et Efficacité Énergétique Télédétection et Système d'Information Géographique Statistiques Plans d'Expérience et Modélisation de Process Management Environnemental dans l'Entreprise Écotoxicologie du Sol Semestre 3 Méthodologie de la Recherche ScientifiqueConférences Anglais Scientifique II Accords,Négociations, Instruments de Changement Climatique Vulnérabilité et Adaptation au Changement Climatique Inventaire de Gaz à Effet de Serre et Atténuation au Changement Climatique Science et Politique de Changement ClimatiqueSemestre 4 Projet de fin détude",
        "metadata": {
            "url": "https://fstt.ac.ma/Portail2023/mst-ingenierie-environnementale-changement-climatique-et-developpement-durable/"
        }
    },
    {
        "id": "665bad5e8e35f7aa7d019c42",
        "type": "initial_education_info",
        "title": "Filières de Master en Sciences et Techniques (MST)",
        "content": "Formation: MST : Génie Civil Objectifs: Le programme vise la formation des cadres en Génie Civil. A lissue des deux années de formation, le lauréat en Master de Génie Civil doit être capable dintervenir dans la conception, le suivi et la réalisation de projets dans les secteurs du Bâtiments et des Travaux Publics. La formation vise, également, à développer chez létudiant lesprit dinitiative, de responsabilité et de gestion. Outre les compétences scientifique et technique, le programme dispense un ensemble dactivités facilitant linsertion professionnelle de létudiant : les techniques dexpression, les langues, conférences sur des réalisations de chantier, les visites dentreprises et de chantiersetc. Programme: Semestre 1 Mathématiques Pour lIngénieur Calculs et Analyses des Structures Géotechnique Géophysique Appliquée  Géo-risques Méthodes Numériques Matériaux de constructionSemestre 2 Béton précontraint Dynamique et calcul parasismique Transferts thermiques et Acoustique Béton armé Procédés Généraux de Constructions RoutesSemestre 3 Ouvrages de Génie Civil Assainissement Construction Métallique Urbanisme, Architecture et Construction Efficacité Énergétique Management de projet  BIM appliquéeSemestre 4 Projet de fin d'étude",
        "metadata": {
            "url": "https://fstt.ac.ma/Portail2023/mst-genie-civil/"
        }
    },
    {
        "id": "665bad5e8e35f7aa7d019c43",
        "type": "initial_education_info",
        "title": "Filières de Licence en Sciences et Techniques (LST)",
        "content": "Formation: LST: Techniques dAnalyses Chimiques Objectifs: Apporter aux étudiants des connaissances théoriques en chimie de base et de comprendre les principes des techniques physico-chimiques et instrumentales, leurs domaines d'application et spécificités, savoir les appliquer à des cas concrets en analyse et contrôle.Comprendre comment lanalyse chimique est appliquée dans les domaines pharmaceutiques, alimentaires, environnementaux ; Posséder des notions sur les réglementations, les normes, le risque chimique, la sécurité des produits, leur importance dans lindustrie.Maîtriser les tableurs en chimie analytique ; Maîtrise de l'outil statistique.Permettre aux étudiants de construire leur projet de formation, en leur offrant particulièrement des enseignements permettant un accès à des cycles diversifiés (Masters, filières dingénieurs) Programme: Semestre 5 Chimie organique avancée Chimie inorganique Thermochimie, Cinétique et Catalyse Electrochimie et Méthodes électro-analytiques Méthodes Spectroscopiques Techniques danalyse inorganiquesSemestre 6 Techniques Séparatives Chimie et analyse des eaux Assurance qualité dans les laboratoires danalyses chimiques Projet de fin détudes",
        "metadata": {
            "url": "https://fstt.ac.ma/Portail2023/lst-techniques-danalyses-chimiques/"
        }
    },
    {
        "id": "665bad5e8e35f7aa7d019c4a",
        "type": "initial_education_info",
        "title": "Filières de Master en Sciences et Techniques (MST)",
        "content": "Formation: MST : Géoressources Énergétiques et Réservoirs Objectifs: Lactivité accrue dans la recherche en géosciences appliquées aux prospections géoressources énergétiques et réservoirs sintègre dans le cadre de la stratégie gouvernementale Marocaine  Stratégie Energétique Horizon 2030  en tant quactivité à fort impact économique pour le pays. Cest dans ce Contexte que lEtat marocain sest mis sur deux composantes en parallèle pour répondre à ses besoins en matière de lénergie : Les Energies renouvelables (Solaire et Eolienne) et les Géoressources énergétiques (GazPétrole). Cette Dynamique a été accéléré par la mise en place des mesures fiscales en vue dinciter lexploration. Un dispositif qui a permis linstallation depuis 2012 de plus de 37 compagnies pétrolières étrangères, dont Repsol, Anadarko Petroleum, Kosmos Energy, Sound Energy, Chevron, deuxième compagnie pétrolière aux Etats-Unis, le géant pétrolier britannique British Petroleum (BP) et plusieurs autres en vue de mener des travaux dexploration géologiques et géophysique pour la recherche dhydrocarbures sur loffshore Atlantique et sur lOnshore Marocain sur plus de 770 000 Km². Lévaluation géologique, géophysique et pétrolière des différents permis et zones de reconnaissance a permis lévidence de plusieurs  prospects  et  play concepts  notamment au niveau des permis Tendrara et dans le bassin du Gharb. Pour un accompagnement universitaire de la vision de la Stratégie Energétique Horizon 2030, ce Master  Géoressources énergétiques et Réservoirs  sera le PREMIER MASTER À LÉCHELLE NATIONALE sintéressant aux Géoressources énergétiques et réservoirs et se présentera en tant quune nécessité objective afin dassurer : Une formation scientifique de haut niveau avec un background scientifique solide en géosciences fondamentales et appliquées couplées aux disciplines liées à lexploration des réservoirs et géoressources énergétiques associées, Une formation scientifique adaptée aux besoins et à lévolution du marché du travail national et international notamment en matière des cadres supérieurs qualifiés, Une formation scientifique visant la mise en place des cadres hautement qualifiés sur le marché de lemploi national et international, Une formation scientifique comblant le vide des cadres compétents en géosciences fondamentales et appliquées dont plusieurs établissements privés, semi-publiques et publiques ont en besoin. Les principaux objectifs du Master GEORESERVES sinscrivent dans le cadre national  Stratégie Energétique Horizon 2030  et se focalisent essentiellement : Mettre en relief une formation académique universitaire de haute qualité en tant que passerelle entre lUniversité et les opérateurs socio-économiques dans le Domaine des géoressources énergétiques (Gaz, pétrole et géothermie), Drainer des experts internationaux pour la collaboration et le renforcement du cursus universitaire du Master Pour assurer un transfert du  How-Know  en guise de formationqualification des cadres pluridisciplinaires, Former et contribuer à la formation et la qualification de jeunes chercheurs des cadres à haut niveau capables dintégrer les compagnies nationales et internationales opérant en géoressources énergétiques, Renforcer la dynamique douverture des jeunes diplômés sur le marché national et international et surtout africain dans le cadre des partenariats Sud-Sud et Sud-Nord avec les compagnies et Etablissements nationaux et internationaux afin de stimuler la promotion des richesses en géoressources énergétiques du pays. Créer un label de renommé international pour la formation académique  Master GEORESERVES  en en faisant un pôle dexcellence dinnovation dans le domaine des géoressources énergétiques ; et ce en développant lengagement et la responsabilisation du management pour instaurer une culture de la performance, de lintégrité. Programme: Semestre 1 Géodynamique et Analyse des Bassins Sédimentaires  Géologie structurale et Tectonophysique  Micropaléontologie intégrée  Géologie du Maroc et systèmes pétroliers associées  Mécanique des fluides et Hydraulique  Géomatique Appliquée aux Géoressources énergétiques Semestre 2 Pétrologie Sédimentaire  Sédimentologie et paléoenvironnements sédimentaires  Modélisation et Simulation Numérique en Géosciences Télédétection Optique et Radar Appliquées aux Géoressources énergétiques Géostatistiques et analyse des données Anglais scientifique et Développement personnelSemestre 3 Introduction aux géosciences du pétrole Caractéristiques géologiques et pétrophysiques des réservoirs Hydrocarbures et maturité de la Matière Organique Interprétation 2D-3D des profils séismiques Prospection géophysique et techniques de forage Management et Gestion de projetsSemestre 4 Stage dinitiation a la recherche",
        "metadata": {
            "url": "https://fstt.ac.ma/Portail2023/mst-georessources-energetiques-et-reservoirs/"
        }
    },
    {
        "id": "665bad5e8e35f7aa7d019c4d",
        "type": "initial_education_info",
        "title": "Filières de Licence en Sciences et Techniques (LST)",
        "content": "Formation: LST : Statistique et Science des données Objectifs: Permettre aux étudiants dacquérir des connaissances en mathématiques fondamentales et appliquées et aussi en sciences des données et informatique.Apporter aux étudiants une formation solide en statistique et science des données, tout en leur permettant dacquérir une culture scientifique générale pour favoriser leur intégration dans leur futurDévelopper les aspects théoriques par des enseignements adaptés (cours, travaux dirigés, étude de cas, mini projets) et des aspects pratiques par des études de problèmes concrets de la statistique, Science des donnée et informatique (stages en entreprise, visites et projets de fin détudes).Utiliser efficacement loutil informatique et les logicielsFormer des jeunes diplômés, aptes à répondre aux besoins des entreprises dans le domaine du traitement statistique de linformation et des techniques daide à la décision.Préparer les étudiants aux carrières de recherche Programme: Semestre 5 Base de données Relationnelles et NoSQL Programmation orientée objet et Développement Web Statistique Inférentielle et Recherche Opérationnelle Intégration et Probabilités Analyse des Données et Datamining Anglais et Management de ProjetSemestre 6 Programmation Python et Machine Learning Mathématiques pour lIntelligence Artificielle Régression  Anova et Maîtrise Statistique des Procédés  PFE",
        "metadata": {
            "url": "https://fstt.ac.ma/Portail2023/lst-statistique-et-science-des-donnees/"
        }
    },
    {
        "id": "665bad608e35f7aa7d019c53",
        "type": "initial_education_info",
        "title": "Filières de Licence en Sciences et Techniques (LST)",
        "content": "Formation: LST : Mathématiques et Informatique Décisionnelles Objectifs: Maîtriser et mettre en œuvre des outils et méthodes mathématiques de hautFormer des jeunes diplômés, aptes à répondre aux besoins du milieu socio-économique dans le domaine du traitement de linformation et des techniques daide à la décision.Utiliser efficacement loutil informatique et lesPréparer les étudiants aux carrières de recherche Programme: Semestre 5 Base de données Relationnelles et Nosql POO Développement web Intégration et Probabilités Topologie et Calcul différentiel Optimisation non linéaire et recherche opérationnelle Anglais et Management de ProjetSemestre 6 PYTHON ET MACHINE LEARNING Mathématiques pour l'Intelligence Artificiel Analyse numérique et équations différentielles  PFE",
        "metadata": {
            "url": "https://fstt.ac.ma/Portail2023/lst-mathematiques-et-informatique-decisionnelles/"
        }
    },
    {
        "id": "665bad608e35f7aa7d019c54",
        "type": "initial_education_info",
        "title": "Filières de Licence en Sciences et Techniques (LST)",
        "content": "Formation: LST: Mathématiques et Applications Objectifs: Acquérir une double compétence mathématiques et informatique grâce à laquelle ils aborderont les problèmes de modélisation et de simulation scientifique sous tous leurs aspects, de la conception à la mise en oeuvre numérique. Laccent est donc mis à la fois sur des techniques dingénierie mathématiques et sur les langages de programmation et les outils algorithmiques. Programme: Semestre 5 Topologies dans les espaces métriques Intégration Probabilités avancées Recherche Opérationnelle Concepts de base de programmation orientée C Analyse numérique matricielleSemestre 6 Calcul différentiel et équations différentielles Topologie générale et distributions Analyse numérique des équations différentielles Projet de fin détudes",
        "metadata": {
            "url": "https://fstt.ac.ma/Portail2023/lst-mathematiques-et-applications/"
        }
    },
    {
        "id": "665bad618e35f7aa7d019c59",
        "type": "initial_education_info",
        "title": "Filières de Master en Sciences et Techniques (MST)",
        "content": "Formation: MST : Génie des Matériaux pour Plasturgie et Métallurgie Objectifs: Le Master Génie des Matériaux pour Plasturgie et Métallurgie (GMPM) se positionne dans le contexte de synergie ; Formation  Recherche  Industrie, avec des enseignements en relation avec les activités des industries de la région. Le programme vise à fournir des bases de chimie, génie des matériaux, mécanique avec un lien entre les procédés délaboration, de synthèse et de mise en forme de la matière première ainsi que létude des propriétés structurales etou fonctionnelles des matériaux tels que les polymères, les composites, les alliages métalliques, les céramiques et les biomatériaux. Programme: Semestre 1 Cristallographie et phénomènes Métallurgie et matériaux métalliques Formulation, rhéologie et modélisation Verres, céramiques et matériaux Polymères synthétiques Anglais scientifique et communicationSemestre 2 Propriétés physiques et mécaniques Métallurgie des poudres et fiabilité Conception, modélisation et fabrication Fonctionnalisation revêtements Matériaux catalytiques Gestion de projet, propriétéSemestre 3 Corrosion et Protection des matériaux Techniques de caractérisation et danalyses Nanomatériaux et matériaux stratégiques Mécanique de contact, tribologie Choix des matériaux et procédés Lean Management et analyseSemestre 4 Projet de fin détude",
        "metadata": {
            "url": "https://fstt.ac.ma/Portail2023/mst-genie-des-materiaux-pour-plasturgie-et-metallurgie/"
        }
    },
    {
        "id": "665bad618e35f7aa7d019c5d",
        "type": "initial_education_info",
        "title": "Filières de Licence en Sciences et Techniques (LST)",
        "content": "Formation: LST: Géosciences Appliquées Objectifs: Cette licence mettra laccent sur trois aspects fondamentaux :Compléter la formation du premier cycle (acquisition des méthodes et concepts généraux).Apporter aux étudiants à la fois une formation solide et équilibrée combinant outils théoriques, expérimentaux et techniques diversifiés liés aux Sciences de la Terre et de lEnvironnement.Préparer les étudiants à la vie active ou à la poursuite des études supérieures. Programme: Semestre 5 PétrographieMinéralogie Environnements sédimentaires Élément de tectoniqueDomaines structuraux du Maroc Ressources hydriques Géochimie et pollution urbaine PédologieSemestre 6 Traitement des données géologiques Cartographie numérique Géologie appliquée Projet de fin détudes",
        "metadata": {
            "url": "https://fstt.ac.ma/Portail2023/lst-geosciences-appliquees/"
        }
    },
    {
        "id": "665bad618e35f7aa7d019c5e",
        "type": "initial_education_info",
        "title": "Filières de Master en Sciences et Techniques (MST)",
        "content": "Formation: MST : Systèmes Informatiqueset Mobiles Objectifs: Ladministration des systèmes informatiques et mobiles, comme le Cloud Computing et les objets Internet interconnectés, est devenue aujourdhui dune grande nécessité, car ces systèmes sont utilisés dans pratiquement tous les secteurs de lindustrie. En effet, lévolution de la télécommunication, des téléphones mobiles, des capteurs à prix réduits, et des systèmes Cloud Computing, a créé ce besoin, notamment pour mieux gérer ces infrastructures, qui font, désormais, partie de la vie du citoyen de tous les jours, par exemple dans les réseaux sociaux, les domaines bancaires, les transports, le e-commerce, etc. Ce Master a pour objectif de former des étudiants capables de répondre aux besoins de gestion et dadministration des systèmes informatiques et mobiles, tout en ayant les compétences nécessaires dans le développement dapplications spécifiques et de la sécurité, ceci afin daccompagner les organisations dans leurs processus dimplémentation de systèmes informatiques modernes et évolués. Programme: Semestre 1 Programmation Orientée Objet Systèmes Embarqués Et Mobilité Théorie des Graphes et Recherche IP Mobile Et Protocoles Administration Des Bases De Données AnglaisSemestre 2 Data Mining et Machine Learning Scripting Shell et programmation système Administration systèmes et réseaux Administration systèmes et réseaux Cloud Computing et Virtualisation Soft SkillsSemestre 3 Analysis, Mining And Indexing In Big Multimedia Systems  Développement Mobile Cyber sécurité et investigation Objets Connectés et Intelligence Calcul parallèle et application distribuées Management de Projet et Gestion de l'InnovationSemestre 4 Projet de fin détude",
        "metadata": {
            "url": "https://fstt.ac.ma/Portail2023/mst-systemes-informatiqueset-mobiles/"
        }
    },
    {
        "id": "665bad618e35f7aa7d019c62",
        "type": "initial_education_info",
        "title": "Filières de Master en Sciences et Techniques (MST)",
        "content": "Formation: MST : Sciences de lEnvironnement Objectifs: Cette formation permettra aux étudiants dacquérir une spécialisation en environnement répondant aux exigences de la recherche fondamentale et appliquée, et apportant une ouverture sur les applications de la recherche dans les secteurs socio-économiques. Programme: Semestre 1 Procédés de séparation Chimie de lenvironnement et rejets urbains Statistique et Simulation numérique Microbiologie de lEnvironnement Changements climatiques Anglais Expression et communication environnementaleSemestre 2 Fonctionnement et préservation des écosystèmesÉtude dimpact sur lenvironnement Ressources hydriques et risque de contamination Risques environnementaux nature Gestion des déchets Bio-remédiation et lutte biologique en environnement Méthodes spectrométriques Droit et management environnementSemestre 3 Génie physico-chimique des traitements des eaux Dépollution atmosphérique Environnement marin Gestion des déchets, traitement et valorisation Gestion intégrée des zones côtièresDéveloppement durable Microorganismes et Environnement Gestion de projetSemestre 4 Projet de fin détude",
        "metadata": {
            "url": "https://fstt.ac.ma/Portail2023/mst-sciences-delenvironnement/"
        }
    },
    {
        "id": "665bad618e35f7aa7d019c65",
        "type": "initial_education_info",
        "title": "Filières de Licence en Sciences et Techniques (LST)",
        "content": "Formation: LST: Génie Informatique Objectifs: Avoir une culture de base scientifique ;Acquérir une base solide dans les axes majeurs et fondamentaux de la discipline informatique : Algorithmique, Programmation, Bases de Données, Technologies Web, Systèmes dExploitation et Réseaux Informatiques, ... ;Développer un savoir-faire technique en informatique : technologie objet, informatique distribuée, architectures client-serveur et n-tiers, applications hétérogènes,  ; Programme: Semestre 5 Programmation Orientée Objet en C Bases de Données  Architecture CS et Développement Web Dynamique Introduction aux Réseaux Informatiques Système dexploitation UNIXLinux TEC  AnglaisSemestre 6 Modélisation UML Programmation Orientée Objet en Langage JAVA Les Réseaux TCPIP Projet de fin détudes",
        "metadata": {
            "url": "https://fstt.ac.ma/Portail2023/lst-genie-informatique/"
        }
    },
    {
        "id": "665bad618e35f7aa7d019c66",
        "type": "initial_education_info",
        "title": "Filières de Master en Sciences et Techniques (MST)",
        "content": "Formation: MST : Sécurité IT et Big Data Objectifs: La transformation digitale a profondément modifie tous les aspects du fonctionnement des entreprises et des organisations daujourd'hui. Le volume de données que les entreprises créent, manipulent et stockent augmente. De plus la dématérialisation massive des systèmes d'Information vers le cloud, l'explosion de l'internet des objets (IoT) dans un monde tout connecté accessible en mobilité avec smartphone, tablettes, la fraude sur internet via différentes techniques d'ingénierie sociale, la perte de données sensibles suite à des malversations, l'accroissement du télétravail utilisant des réseaux de communication vulnérables ( Internet, mobiles, wifi...) par conséquent les environnements informatiques des entreprises sont plus complexes qu'ils ne l'étaient auparavant, cette complexité crée une surface d'attaque étendue qui est plus difficile à surveiller et à sécuriser. Ceci oblige les entreprises et organisations à repenser leur approche du cyber sécurité, dans un cadre réglementaire de plus en plus contraignant, pour être en mesure de continuer à protéger leurs systèmes d'information de la \" Cyber-menace\" en constante évolution. Dans ce contexte, le Master Sciences et Technique: Sécurité IT et Big Data vise à former des étudiants capables de s'intégrer dans des projets d'envergure dans le domaine de la sécurité des données massives, en cryptographie, en sécurité des réseaux et des protocoles, ayant des grandes compétences et capacités avancés leurs permettant d'appréhender les modes de pensée des hackers, de mettre en place des audits cyber sécurité, d'imaginer les contremesures efficaces, de superviser les systèmes d'exploitation, les réseaux et les applications web, de mettre en place des approches de gouvernance de la sécurité, et enfin de gérer les risques. Programme: Semestre 1 Programmation Orientée Objet Avancée en Java  Python Réseaux avancés Data Mining (DM) et Systèmes dAide à la Décision (DAS Administration Systèmes et Réseaux Concepts fondamentaux de lintelligence artificielle Anglais et technique dexpressionSemestre 2 Intelligence Artificielle Distribuée (SMA)  Apprentissage Automatique (ML) Technologies IoT: Architectes, protocoles et applications Virtualisation, Cloud et Edge Computing Cryptographie Et Sécurité des Services Architecture et Technologies Big Data Gestion de linnovation et management de projet informatiqueSemestre 3 Cybersecurity  Ethical hacking Calcul Haute Performance et Applications en Big Data Deep learning et Applications Administration des Bases de Données Distribuées et Clusters Big Data Audit des systèmes dinformation et Management de la sécurité des systèmes dinformation Développement Personnel Et Intelligence ÉmotionnelleSemestre 4 Projet de fin détude",
        "metadata": {
            "url": "https://fstt.ac.ma/Portail2023/mst-securite-it-et-big-data/"
        }
    },
    {
        "id": "665bad618e35f7aa7d019c69",
        "type": "initial_education_info",
        "title": "Filières de Master en Sciences et Techniques (MST)",
        "content": "Formation: MST : Sciences Agroalimentaires Objectifs: L'objectif global de cette formation du Master est de former des ressources humaines dont le pays a besoin pour un développement optimal des sciences agroalimentaires.Parmi les objectifs spécifiques :Fournir aux étudiants une formation scientifique et professionnelle avec une approche globale et interdisciplinaire, couvrant différents domaines des sciences et technologies agroalimentaires.Préparer les étudiants à entamer leur vie active dans les différents domaines couvrant les technologies agroalimentaires.Former des professionnels ayant des compétences pour innover et solutionner des problèmes liés aux différents domaines couvrant les sciences agroalimentaires. Les cadres ainsi formés seront dotés dune double compétence technologique et organisationnelle et seront capables de prendre en charge des projets de recherche et de développement en entreprise et de conduire des activités de production. Programme: Semestre 1 Procédés industriels Techniques danalyses des biomolécules 1 Anglais scientifique Biochimie alimentaire Microbiologie Alimentaire Exploitation des Données expérimentalesSemestre 2 Techniques danalyses des biomolécules 2 Production animaleProduction végétale Marketing et économie de filière Réglementation et système de management de la santé et sécurité alimentaire Filière de production : Transformation des produits dorigine végétale  Filière de production : Transformation des produits dorigine animaleSemestre 3 Formulation, et chimie des aliments Emballage et sécurité alimentaire Soft Skill Analyse de cycle de vie et valorisation des bioressources et biodéchets Valeur nutritionnelle et sensorielle Gestion de projetSemestre 4 Stage dinitiation a la recherche",
        "metadata": {
            "url": "https://fstt.ac.ma/Portail2023/mst-sciences-agroalimentaires/"
        }
    },
    {
        "id": "665bad618e35f7aa7d019c6a",
        "type": "initial_education_info",
        "title": "Filières de Master en Sciences et Techniques (MST)",
        "content": "Formation: MST : Modélisation Mathématique et Science de Données Objectifs: Le Master Modélisation Mathématique et Science de Données (MMSD) de l'Université Abdelmalek Essaadi a pour vocation d'offrir des parcours qui trouvent leurs bases dans une approche pluridisciplinaire. Au département de mathématiques on propose aux étudiants dacquérir une double compétence en Modélisation Mathématiques et en Science de Données sappuyant sur la maîtrise de l'informatique scientifique notamment pour le calcul haute Performance, la Statistique et la Science de Données. Cela peut inclure des compétences en programmation, en visualisation de données et en utilisation de bibliothèques de modélisation. Pour une approche pluridisciplinaire des problèmes liés aux applications, la Modélisation Mathématique et la Science de Données ne peuvent que former des étudiants pour la recherche et les activités professionnelles de haut niveau avec des compétences nécessaires pour mener un travail de recherche etou de développement en misant sur : lautonomie dans lanalyse dun problème complexe et la proposition dapproches (théoriques, numériques etou expérimentales) appropriées ; la maîtrise de loutil informatique (notamment pour lanalyse de grandes quantités de données) et le calcul scientifique qui se pose à lentreprise et une solution innovante et compétitive. Capacité de communication : Les étudiants doivent être capables de présenter et de communiquer efficacement leurs résultats et leurs conclusions. Des compétences en visualisation des données et en présentation orale sont essentielles. En plus une bonne formation en MMSD permettra de mieux optimiser les ressources humaines surtout au niveau des encadrants des PFEs (Master) etou des Doctorants. Programme: Semestre 1 Anglais Scientifique I  Soft Skils Programmation Avancée avec Python et R Analyse Numérique Matricielle Avancée Modélisation et calcul fractionnaire  Equation différentielle stochastique (EDS) Analyse fonctionnelle et applicationsSemestre 2 Sécurité Informatique Analyse numérique des EDPs Séminaire  Initiation à la recherche  IA et Machine Learning Statistiques des valeurs extrêmes Analyse asymptotique et modélisationSemestre 3 Analyses de données BIG DATA  Modèles Mixtes et applications sous R Semi Groupes et équation d'évolution  Optimisation et contrôle Optimal Séries chronologiques et Méthodes de prévision Anglais Scientifique II  Soft SkilsSemestre 4 Projet de fin détude",
        "metadata": {
            "url": "https://fstt.ac.ma/Portail2023/mst-modelisation-mathematique-et-science-de-donnees/"
        }
    },
    {
        "id": "665bad618e35f7aa7d019c6b",
        "type": "initial_education_info",
        "title": "Filières de Master en Sciences et Techniques (MST)",
        "content": "Formation: MST : Intelligence Artificielle et Sciences de Données Objectifs: Cette formation d'excellence offre de solides connaissances en conception de systèmes d'intelligence artificielle et mathématiques appliquées afin de couvrir l'ensemble des problématiques de traitement et d'analyse des données massives que rencontre les entreprises. Elle met l'accent sur l'articulation entre apprentissage automatique, gestion et fouille de grandes masses de données, paradigmes du Big Data, représentation des connaissances, le traitement des données et sur les méthodologies récemment développées. Programme: Semestre 1 THEORIES ET SYSTEMES DE RAISONNEMENTS INTELLIGENTS MATHÉMATIQUES POUR ANALYSE DE DONNÉES PROGRAMMATION AVANCÉE BASES DE DONNÉES AVANCÉES MACHINE LEARNING 1 ANGLAIS ET TECHNIQUE DEXPRESSIONSemestre 2 INFRASTRUCTURE ET ARCHITECTURE DES SYSTÈMES DISTRIBUES  BIG DATA PLATEFORMES IOT CORE: TECHNOLOGIES, DATA ET IA METAHEURISTIQUES  ALGORITHMES DE RECHERCHE STOCHASTIQUE SMA  NLP DATAMING  BI DEVELOPPEMENT PERSONNEL ET INTELLIGENCE EMOTIONNELLSemestre 3 MULTIMEDIA MINING AND INDEXING MACHINE LEARNING 2 : DEEP and TRANSFERT LEARNING DATA SPACES  DATA INTEGRATION  SEMANTIC INTEROPERABILITY  BLOCKCHAIN  SECURITE APPLICATIVE VIRTUALIZATION, CLOUD AND EDGE COMPUTING DIGITAL BUSINESS STRATEGIES LEADERSHIP IN THE AGE OF AISemestre 4  Projet de fin détude",
        "metadata": {
            "url": "https://fstt.ac.ma/Portail2023/mst-intelligence-artificielle-et-sciences-de-donnees/"
        }
    },
    {
        "id": "665bad618e35f7aa7d019c70",
        "type": "initial_education_info",
        "title": "Filières de Master en Sciences et Techniques (MST)",
        "content": "Formation: MST : Environnement, Aquacultureet Développement Durable Objectifs: Encore peu développée au Maroc, laquaculture offre des perspectives de développement très intéressantes. Le Maroc sest donné tous les moyens pour insuffler une nouvelle dynamique dans le secteur halieutique, à travers le lancement du plan décennal 2015-2024 pour le développement de laquaculture continentale et le plan Halieutis qui vise une expansion importante de laquaculture marine. Les prévisions tablent sur une expansion importante de laquaculture, des industries et des services associés. Cest pour cette raison, et en vue de répondre aux besoins immédiats en métiers relatifs à la gestion et lexploitation de lenvironnement incluant les ressources aquacoles continentales et marines que se place le projet master interuniversitaire  Environnement, aquaculture et développement durable ( البيئة وتربية الأحياء المائية والتنمية المستدامة ). Ce master consiste en une formation pratique et interdisciplinaire. Elle pourvoit à une intégration aisée dans la vie active professionnelle. Il s'agit de former des cadres spécialisés dans le domaine de lenvironnement, de laquaculture et du développement durable disposant dune grande base de connaissances scientifiques pluridisciplinaires, leur permettant dappréhender pertinemment la complexité et la dynamique environnementale des systèmes aquatiques et la problématique de leur gestion intégrée. Programme: Semestre 1 Écosystèmes aquatiques et pollution : salubrité et biosurveillance gouvernance typologie des écosystèmes aquatiques Ressources halieutiques (biologie, évaluation et gestion)  Téledetection et traitement dimages optiques Analyse bio statistiqueMéthodologie de la rédaction Anglaisdéveloppement personnelSemestre 2 Océanologie Ingénierie aquacol gestion des entreprises aquacoles SIG Appliqués Pathologie des organismes aquatiquesAmélioration génétique des espèces délevage Base biologique de laquacultureAlimentation et nutrition en aquaculture personnel Economie de l'environnement, des ressources naturelles renouvelables et daquacultureSemestre 3 Gestion intégrée des zones côtières et développement durable Commercialisation, marketing et qualité des produits de la mer qualitévalorisation Gestion de Projet Interaction environnement aquaculture et aquaculture intégrée Traitements physico-chimique des eaux  Bioremédiation Gestion de projet Management environnemental et droit de lenvironnementSemestre 4 Projet de fin détude",
        "metadata": {
            "url": "https://fstt.ac.ma/Portail2023/mst-environnement-aquacultureet-developpement-durable/"
        }
    },
    {
        "id": "665bad618e35f7aa7d019c71",
        "type": "initial_education_info",
        "title": "Filières de Master en Sciences et Techniques (MST)",
        "content": "Formation: MST : Bases Cellulaires et Moléculaires en Biotechnologie Objectifs: Le master BCMB vise la formation des spécialistes dans le domaine des Biotechnologies capables de répondre aux exigences de la recherche fondamentale et appliquée, et de sadapter au marché de lemploi dans les secteurs socio-économique et industriel. Le lauréat sera doté dune nouvelle conception à la biologie alliant théorie à la pratique. A lissu de cette formation, le lauréat sera capable délaborer des protocoles, de maîtriser la manipulation, de pouvoir analyser et exploiter les résultats expérimentaux obtenus. Il sera aussi capable dinnover en apportant des solutions dans le domaine des Biotechnologies, danimer une équipe et de gérer des projets, de rédiger mémoires et articles scientifiques, rapports et présenter des exposés. Lobjectif final est de former des chercheurs et des cadres de haut niveau, spécialistes en biotechnologies appliquées notamment dans les domaines de la sélection et lamélioration génétique des plantes. Programme: Semestre 1 Techniques Expérimentales en Biotechnologie Biologie Moléculaire Technologie dADN recombinant Communication cellulaire et voies de signalisation BioInformatique Du protocole expérimental à la rédaction scientifiqueSemestre 2 Microbiologie Appliquée Génomique Concepts de Base en Génétique Quantitative Protéomique Technologie de transformation et de valorisation des bio-ressources Système de Management intégré QSESemestre 3 - BVA Fonctionnement des cellules végétales  Interaction planteMicroorganismes,application en agroécologie Technologies des PAM et des microalgues Marqueurs moléculaires et cartographie génétique Épidémiologie et contrôle des maladies dans les plantes de grande culture Biotechnologie des BiomoléculesSemestre 3 - BV Techniques damélioration et de sélection chez les plante Pathologie microbienne des plantes Biochimie Intégrative du Végétal Interaction plantes-microorganismes Lutte Biologique et Protection Intégrée des Plantes Kit Pour lEmploi Projet professionnelSemestre 3 - BA Neurobiologie Cellulaire Biologie de développement Pathologies et génétique moléculaire Techniques damélioration et de sélection chez les animaux Thérapie Cellulaire et Génique Kit Pour lEmploi Projet professionnelSemestre 4 Projet de fin détude",
        "metadata": {
            "url": "https://fstt.ac.ma/Portail2023/mst-bases-cellulaires-etmoleculaires-en-biotechnologie/"
        }
    },
    {
        "id": "665bad618e35f7aa7d019c72",
        "type": "initial_education_info",
        "title": "Filières de Master en Sciences et Techniques (MST)",
        "content": "Formation: MST : Analyse Appliquée etIngénierie Statistique Objectifs: Le Master Analyse Appliquée et Ingénierie Statistique (MAAIS) de l'Université Abdelmalek Essaadi a pour vocation d'offrir des parcours qui trouvent leurs bases dans une approche pluridisciplinaire. Au département de mathématiques on propose aux étudiants dacquérir une double compétence en mathématiques et en statistiques appliquées sappuyant sur un tronc commun développant des concepts et des outils de base. Pour une approche pluridisciplinaire des problèmes liés aux applications, les mathématiques et les statistiques appliquées ne peuvent que former des étudiants pour la recherche et les activités professionnelles de haut niveau avec un bon bagage mathématique. La spécialisation se ferait au terme du second semestre (S2) selon le choix des étudiants. En plus une bonne formation en tronc commun solide permettra de mieux optimiser les ressources humaines surtout au niveau des encadrants des PFEs (Master) etou des Doctorants. Programme: Semestre 1 Statistique mathématique (inférence 1) Programmation avancée Compléments danalyses Compléments dalgèbres Analyse Numérique Matricielle et Calcul Parallèle Équation différentielle stochastique (EDS)Semestre 2 Théorie des EDP Statistiques décisionnelles et simulation Analyse fonctionnelle appliquée I Les éléments finis et calculs scientifiques Optimisation et contrôle optimale Anglais Scientifique I (Soft Skills)Semestre 3 - SA Analyses de données  BIG DATA ANOVA  Modèles MIXTES Techniques de Sondages Statistique des valeurs extrêmes Séries chronologiques Anglais Scientifiques II (Soft Skills)Semestre 3 - SM Homogénéisation et Analyses asymptotiques Modélisation 1 et Système dynamiques Réseaux de Neurones et Apprentissage Automatique  Programmation avancée 2 Espaces Lebesgue et Sobolev  Méthode variationelle Analyses numériques des systèmes hyperboliques  Méthodes des volumes finis Analyse numérique",
        "metadata": {
            "url": "https://fstt.ac.ma/Portail2023/mst-analyse-appliquee-etingenierie-statistique/"
        }
    },
    {
        "id": "665bad618e35f7aa7d019c74",
        "type": "initial_education_info",
        "title": "Filières de Licence en Sciences et Techniques (LST)",
        "content": "Formation: LST: Risques et Ressources Naturels Objectifs: Le Maroc est exposé, vu sa position géographique et spécifications géologiques, à la production déventuelle catastrophes naturelles, en particulier les séismes, les inondations, les crus torrentielle, le risque hydrique, etc. cest devenu un sujet de préoccupation en raison de limpact de ces phénomènes sur le plan socioéconomique. A cet effet, le Maroc a adopté le plan daction national pour la gestion des risques de catastrophes naturelles couvrant essentiellement 4 types de catastrophes : les tsunamis, lérosion des sols, les séismes, et les inondations. Sans oublier que la menace de ces catastrophes croit avec le changement climatique et le développement démographique. Ces derniers, influent également sur les réserves des ressources naturelles du pays dune manière flagrante, les exposant ainsi au risque dépuisement. En effet, là il sagit dun autre risque qui menace le secteur socioéconomique du pays. Ainsi, pour faire face à cette menace, et dans une optique de la mise en œuvre des ODD pour lhorizon 2030, le Maroc adopte la Charte Nationale de lEnvironnement et du Développement Durable qui a été concrétisée entre autres grâce à la Stratégie nationale de la protection de lenvironnement (SNPE) et la Stratégie nationale de développement durable (SNDD). Cette dernière a entrainé la prise en compte de divers stratégie et plans mis en place comme le Plan Maroc Vert, Stratégie énergétique, Plan Halieutis, etc.Cette formation vient alors pour répondre à un besoin important en compétences maitrisant dune part les différentes techniques de diagnostic des risques et didentification de leurs aléas et enjeux, etc. Dautre part, cette filière vise à fournir aux acteurs socioéconomiques des compétences en matière dévaluation des ressources naturelles, estimation des gisements, méthodes dexploitation avec une gestion rationnelle et durable. Programme: Semestre 5 Risques et ressources naturels Techniques géophysiquesgéotechniquesgéochimiques Techniques géomatiques Informatiques Modélisation et analyse de données Soft SkillsSemestre 6 ( Option : Risques naturels) Risques géologiques  Risques hydroclimatiques Risques naturels et aménagement Projet de fin détudesSemestre 6 ( Option : Ressources naturelles) Géoressources Naturelles Bioressources Naturelles Valorisation et durabilité des ressources Projet de fin détudes",
        "metadata": {
            "url": "https://fstt.ac.ma/Portail2023/lst-rrn/"
        }
    },
    {
        "id": "665bad638e35f7aa7d019c7a",
        "type": "initial_education_info",
        "title": "Filières de Licence en Sciences et Techniques (LST)",
        "content": "Formation: LST: Ingénierie Statistique Objectifs: Permettre aux étudiants dacquérir des connaissances mathématiques fondamentales et appliquées.Apporter aux étudiants une formation solide en statistique, tout en leur permettant dacquérir une culture scientifique générale pour favoriser leur intégration dans leur futur environnement.Développer les aspects théoriques par des enseignements adaptés (cours, travaux dirigés, étude de cas, mini projets) et des aspects pratiques par des études de problèmes concrets de la statistique appliquée (stages en entreprise, visites et projets de fin détudes).Utiliser efficacement loutil informatique et les logiciels statistiques.Former des jeunes diplômés, aptes à répondre aux besoins des entreprises dans le domaine du traitement statistique de linformation et des techniques daide à la décision.Préparer les étudiants aux carrières de recherche universitaire. Programme: Semestre 5 Topologies dans les espaces métriques Intégration Probabilités avancées Recherche Opérationnelle Concept de base de Programmation avancée C Analyse des donnéesSemestre 6 Statistique Mathématique MSP RégressionAnova Projet de fin détudes",
        "metadata": {
            "url": "https://fstt.ac.ma/Portail2023/lst-ingenierie-statistique/"
        }
    }
]