[
    {
        "id": "665bad598e35f7aa7d019c14",
        "type": "continuing_education_info",
        "title": "Formation continue  DCESS",
        "content": "Filiere: Management de la Qualité et Excellence Opérationnelle Objectif: Développez vos compétences et élargissez vos horizons professionnelsNotre formation en Management de la Qualité et Excellence Opérationnelle, répond aux besoins évolutifs du monde industriel et des services. Assurée par des professeurs universitaires et des experts industriels, elle vise à offrir une perspective globale des systèmes industriels tout en développant des compétences transversales essentielles dans les métiers dela qualité, de la logistique, de la supply chain en partant des systèmes dinformation jusquau pilotage des systèmes industriels. Public_concerne: Cette formation est ouverte à tous. Que vous soyez actuellement en poste ou en recherche d'emploi, cherchant à:s'insérer dans le monde professionnel,se réintégrer après une pauses'adapter à de nouvelles fonctions au sein de leur entreprise.Une détention d'un diplôme de niveau Bac3 dans n'importe quelle discipline est préférable, bien que des dérogations puissent être envisagées. Debouche: En rejoignant notre programme, vous vous préparez à une variété d'opportunités professionnelles. Dans un monde industriel en constante évolution, il est essentiel d'avoir des experts capables de mener des analyses globales. En plus des postes traditionnels de responsabilité en conception, méthodes et production, de nouvelles fonctions transversales émergent. Nos diplômés en  Management de la Qualité et Excellence Opérationnelle  peuvent viser des rôles tels que : Responsable de l'Excellence Opérationnelle, Responsable de la MaintenanceLogistique, Responsable de la Production, Responsable de la Qualité, Chef de Projets, et bien plus encore, tant dans l'industrie que dans les services.",
        "metadata": {
            "url": "http://formation-continue.ma/index.php/formation-continue/dcess/185-management-de-la-qualite-et-excellence-operationnelle"
        }
    },
    {
        "id": "665bad598e35f7aa7d019c15",
        "type": "continuing_education_info",
        "title": "Formation continue  DCESS",
        "content": "Filiere: Géomatique Appliquée au Développement Durable Objectif: Le domaine de la géomatique devient de plus en plus important dans le monde d'aujourd'hui en raison du besoin croissant de données spatiales et d'informations géographiques. La géomatique est un domaine multidisciplinaire qui englobe divers domaines tels que, la géodésie, la topographie, la cartographie classique et la cartographie en ligne (Web Mapping), la télédétection optique et Radar, la photogrammétrie, les bases de données spatiales et les systèmes d'information géographique. À mesure que la technologie progresse, de plus en plus d'industries utilisent la géomatique pour prendre des décisions éclairées et résoudre des problèmes complexes.Lobjectif principal de cette formation est de répondre à la demande de professionnels qualifiés dans ce domaine de géomatique, de combler l'écart et de fournir aux apprenants, qu'ils soient nouveaux ou expérimentés, une formation solide pour améliorer leurs compétences et leurs connaissances dans ce domaine aussi bien au niveau théorique que pratique.L'objectif principal de ce programme de formation continue est de fournir une solide formation de base dans toutes les disciplines de la géomatique aux nouveaux utilisateurs des sciences de la géomatique. D'autre part, ce programme vise également à renforcer et à mettre à jour les connaissances et les compétences des apprenants ayant préalablement reçu une formation dans ce domaine. Par conséquent, ce programme est conçu pour être adapté aux professionnels de la géomatique débutants et expérimentés.Afin d'atteindre cet objectif, non seulement les modules ont été sélectionnés avec soin, mais aussi les méthodes d'enseignement ont été bien pensées. Le choix des modules a été fait après avoir procédé à un diagnostic détaillé du marché de l'emploi et à une analyse comparative \"benchmarking\" de différents programmes proposés par des universités de très grande renommée. Public_concerne: Techniciens ou cadres en cours de reconversion ;Jeunes diplômés à la recherche dun premier emploi ;Salariés dans le cadre de la formation professionnelle continue ;Etudiants en cours de formation souhaitant compléter leur formation ou leur expérience. professionnelle par la maîtrise des outils spécifiques à linformation spatiale ;Cette formation sadresse à un public en situation dactivité salariée ou non. Debouche: Mise à niveau des professionnels dans le domaine de la géomatique Préparer des candidats pour le marché du travail ou même ouvrir leurs propres bureaux détudes ; Intégrer les organismes publics et semi-publics ; Rejoindre les sociétés de service en géomatique ; Travailler chez les géomètres topographes ; Intégrer les services de géomatique en collectivités territoriales ; Intégrer les agences urbaines. ",
        "metadata": {
            "url": "http://formation-continue.ma/index.php/formation-continue/dcess/186-geomatique-appliquee-au-developpement-durable"
        }
    },
    {
        "id": "665bad598e35f7aa7d019c16",
        "type": "continuing_education_info",
        "title": "Formation continue  DCA",
        "content": "Filiere: Ingénierie topographique et systèmes d'information géographiques appliqués Objectif: La formation continue DCA à pour objectif essentiel de former des cadres spécialistes en Topographie et Systèmes dinformation Géographiques (SIG).(3ème promo) Cette formation vient répondre aux évolutions de ladministration publique, du monde industrielet du domaine de BTP qui connaissent une demande accrue de formation dexperts dans les différents domaines liés à la géomatique. Les lauréats auront la capacité de lecture de document cartographiques et la mise en exergue de la correspondance entre ces documents, détablir tous plans et documents relevant de la géodésie, de la cartographie, de la topographie, des relevés cadastraux et de GPS. Les lauréats doivent également étre capables de traiter et gérer les donnés à référence spatiale et acquérir les compétences danalyse et de prise de décision. Public_concerne: La formation s'adresse à des salariés ou non, titulaires d'un niveau Bac2 minimum. Debouche: Les diplomé du DCA pourront prétendre à des postes de responsables techniques dans diverses structures publiques et privées ou à une évolution et  ou réorientation de carrière La formation permettra également aux lauréats : Une insertion rapide dans le monde du travail grace à lacquisition de compétences en géomatique, notment en Topographie et SIG Itégrer les Bureaux détudes techniques et les laboratoires de BTP ",
        "metadata": {
            "url": "http://formation-continue.ma/index.php/formation-continue/dca/180-ingenierie-topographique-et-systemes-d-information-geographiques-appliques"
        }
    },
    {
        "id": "665bad598e35f7aa7d019c17",
        "type": "continuing_education_info",
        "title": "Formation continue  DCESS",
        "content": "Filiere: Ingénierie et expertise génie civil Objectif: A la fin de la formation, le diplômé doit être capable de :Réaliser les calculs de ouvrages divers de génie civil en Béton, en charpente métallique  mixte)Réaliser les calculs de VRDRéaliser les travaux des laboratoires de génie civilCoordonner des projets de génie civilRéaliser des missions de contrôle technique Public_concerne: Etre titulaires dune licence scientifique, professionnelle (ou équivalent)ou plusEtre titulaire dun Bac3 des établissements relevant de lenseignement supérieurEtre titulaire du DCA de lUniversité Abdelmalek ESSAADIEtre employé ayant 5 ans dexpérience professionnelle justifiéeUne présélection sur dossier et entretient individuelQuelques chiffres de la formation Ingénierie et Expertise Génie Civil Ingénieurs Cadres moyens Étudiants1ère Promotion1065252ème Promotion2062283ème Promotion1260284ème Promotion4050105ème Promotion58015 Debouche: La formation proposée (DCESS spécialité Ingénierie  Expertise Génie Civil) permettra aux futures lauréats d'acquérir une formation généraliste du génie civil (bâtiment, VRD, géotechnique, matériaux de construction, calcul de structures, etc.). Les diplômés pourront être, des responsables de projets, des concepteurs de projets, des coordonnateurs, des responsables qualité, des auditeurs, des contrôleurs de travaux et experts, dans différents secteurs dactivités de génie civil : Bâtiment, VRD, Ouvrages darts, laboratoires de génie civil, Gestion  Management de projets, Qualité dans le BTP et services,..... Quelques chiffres de la formation Ingénierie et Expertise Génie Civil Taux dinsertion Professionnelle 1ère Promotion 100 2ème Promotion 100 3ème Promotion Non encore établi à ce jour 4ème Promotion Non encore établi à ce jour 5ème Promotion Non encore établi à ce jour ",
        "metadata": {
            "url": "http://formation-continue.ma/index.php/formation-continue/dcess/189-ingenierie-et-expertise-genie-civil"
        }
    },
    {
        "id": "665bad598e35f7aa7d019c18",
        "type": "continuing_education_info",
        "title": "Formation continue  DCESS",
        "content": "Filiere: Ingénierie et Management Industriel Objectif: La formation DCESS Ingénierie et Management Industriel vise à former des cadres capables daccompagner les collaborateurs vers les objectifs denvergures en mettant en œuvre des qualités de relations humaines, de gestion déquipe et de gestion de projet;La grande variété des cours dispensés et leurs qualités permettent aux titulaires de ce diplôme doccuper, de réussir et davoir les compétences pour:- Développer des compétences techniques pluridisciplinaires permettant aux lauréats dintégrer les entreprises de production et de service;- Modéliser et concevoir une chaîne de production.- Automatiser un processus de production.- Maîtriser les techniques de conception et de gestion des systèmes de production;- Acquérir des compétences scientifiques permettant aux lauréats de contribuer à lamélioration des processus de fabrication Public_concerne: La formation DCESS ingénierie de la maintenance et management industriel est ouvert aux étudiants ou personnes titulaires dune licence LEF, LP, LST ou:- Tout diplôme de niveau bac3 donné par les établissements privés relevant de lenseignement supérieur ou tout diplôme étranger reconnu équivalent.- Titulaire du DCA de lUniversité Abdelmalek Essaadi.- Les demandes pour la validation des Acquis de lExpérience seront exclusivement adressées à la CPU qui décidera de la recevabilité ou pas. Debouche: - Cadre dentreprise dans les domaines techniques notamment le personnel des services ingénierie, production et maintenance, - Directeurs techniques - Chargés daffaires - Responsables de nouveaux projets - Responsable qualité - Responsable du service ingénierie - Consultant dans les domaines QHSE",
        "metadata": {
            "url": "http://formation-continue.ma/index.php/formation-continue/dcess/187-ingenierie-et-management-industriel"
        }
    },
    {
        "id": "665bad598e35f7aa7d019c19",
        "type": "continuing_education_info",
        "title": "Formation continue  DCESS",
        "content": "Filiere: Ingénierie et Expertise en Bathymétrie et Topographie Objectif: Vu que la Région Tanger Tétouan Al Hoceima jouit de deux façades maritimes et la présence de plusieurs ouvrages afférents, la formation DCESS proposée, englobant un large spectre de thématiques liées à la Topographie terrestre et la topographie marine, notamment la bathymétrie, se veut un outil de convergence entre loffre et le marché demploi qui sollicite actuellement des spécialistes et experts dans des filières pratiquescomme la Topographie et la Bathymétrie. Public_concerne: La formation est ouverte à toute personne cherchant une insertion dans le marché de travail, ou bien cherchant une réinsertion ou ambitionne de se convertir dans sa vie professionnelle. Elle est dédiée aux demandeurs tel que : techniciens spécialisés en domaine maritime, aquaculture, Urbanistes, Aménageurs, Bureaux détudes (BTP, Topographie, VRD, Environnement, Architecture), etc. Debouche: Des débouchés de responsables techniques souvrent devant les lauréats du DCESS en  Ingénierie et expertise en topographie marine et topographie terrestre  au sein des structures publiques et privées : Administrations publiques de l'Etat, Agences spécialisées, Organismes relevant de Ministères ayant une vocation maritime, Bureaux d'Etudes, toute activité ayant un pôle topographique etou Bathymétrique ",
        "metadata": {
            "url": "http://formation-continue.ma/index.php/formation-continue/dcess/190-ingenierie-et-expertise-en-bathymetrie-et-topographie"
        }
    },
    {
        "id": "665bad598e35f7aa7d019c1a",
        "type": "continuing_education_info",
        "title": "Formation continue  DCA",
        "content": "Filiere: Ingénierie du Bâtiment Objectif: La formation de spécialistes techniques dans le domaine des études des projets de construction de bâtiment en béton armé ou charpente métallique en partant de la conception jusqu'à l'exécution et en passant par toutes les étapes du projet à savoir depuis la phase d'avant-projet sommaire jusqu'à la phase de production des plans d'exécution des ouvrages e le suivi de la réalisation. Les domaines de compétences que les lauréats seront en mesures de suivre vont de 1'étude du simple projet d'un bâtiment jusqu'aux projets faisant appel à des conceptions structurales beaucoup plus complexe, aéroport, hôpitaux, complexe immobilier et commerciaux etc. Public_concerne: Les lauréats des établissements universitaires publics ou privé au Maroc ou à létranger, les fonctionnaires des administrations et les employés du secteur privé, les auto entrepreneurs etc. Debouche: A l'Issu de cette formation les lauréats peuvent s'impliquer, entre autres, dans les domaines suivants : La maîtrise d'ouvrage et l'assistance à la maîtrise d'ouvrage : il s'agit de métiers en pleine expansion, dans le secteur public et dans le secteur privé, qui nécessitent des connaissances et des savoir-faire éprouvés dans le domaine des bâtiments en béton armé ou métalliques. La conception et la maîtrise d'oeuvre, dans les bureaux d'études privés et dans le secteur public (état ou collectivités locales) disposant dingénierie intégrée. La construction des bâtiments à ossatures en béton armé ou métalliques qui est un métier historique du génie civil s'exerce dans le secteur public (activités en régie) et essentiellement dans les entreprises privées il fait appel à des compétences techniques basées sur la connaissance conceptuelle des ouvrages à structure en béton armé ou métallique. L'expertise qui vient en appui des métiers précédents et qui fait appel ",
        "metadata": {
            "url": "http://formation-continue.ma/index.php/formation-continue/dca/181-ingenierie-du-batiment"
        }
    },
    {
        "id": "665bad598e35f7aa7d019c1b",
        "type": "continuing_education_info",
        "title": "Formation continue  DCA",
        "content": "Filiere: Lean Manufacturing et Amélioration Continue des Processus Industriels Objectif: La formation du Diplôme du Cycle dApprofondissement (DCA)  Lean Manufacturing et Amélioration Continue des Processus Industriels  est une formation universitaire de niveau Licence Professionnelle Bac3 qui vise à former des techniciens, des cadres intermédiaires et des spécialistes de terrain capables de conduire des projets d'amélioration continue des processus et procédés industriels, de participer à limplantation de systèmes Lean et de piloter des projets transversaux damélioration continue, en les dotant doutils et de méthodes opérationnels pour traiter des problèmes qui sont de nature technique, méthodologique, organisationnelle, managériale, économique et sociale quelle que soit la branche dactivité :automobile, aéronautique, agroalimentaire, transport, textile, mécanique, pharmaceutique, services....Les compétences à acquérir donnent aux lauréats la capacité à :sapproprier les principes techniques et méthodologies de conception et damélioration des processus et procédés industriels selon la démarche du Lean Manufacturing ;maîtriser la pratique des outils Lean Manufacturing dans les activités damélioration continue de la qualité, de la production, de la logistique globale et de la maintenance;utiliser les méthodes et outils du Lean Manufacturing et damélioration (PDCA, Kaizen,Les MUDA, 5S, Value Stream Mapping (VSM), SMED, TPM)diagnostiquer, analyser et améliorer les flux de production et de logistique.participer et coordonner la mise en œuvre de plans de performances opérationnelles et d'amélioration continue ; Public_concerne: Cette formation sadresse à des diplômés de lenseignement supérieur public ou privé, en situation dactivité salariée ou non, qui recherchent une formation ou une double formation pour évoluer, satisfaire les besoins de lentreprise et accéder à des postes de responsabilité ou pour trouver ou retrouver un emploi dans des postes très demandés.En effet, le dispositif mis en place sattache, dans sa conception, à créer les conditions dévolution et dadaptation à de nouvelles fonctions, dune insertion et dune réinsertion professionnelle.Le cycle est ouvert aux étudiants ou personnes titulaires dun DEUG, DEUST, BTS, DUT,ISTA ou tout autre diplôme Bac2 équivalent ou encore bac3. Debouche: Les diplômés peuvent intégrer de nombreux secteurs industriels et de service. Quelques exemples de métiers : - technicien supérieur de conception et damélioration de processus, - technicien méthodes ; - animateur, coordinateur Lean ou amélioration continue, - technicien méthodes en amélioration continue, - assistantresponsable de production, - assistantresponsable gestion des flux logistiques - animateur, responsable qualité - technicien, responsable maintenance - responsable du service logistique industrielle - responsables services méthodes et organisation industrielle - responsable stocks et approvisionnement - responsable service ordonnancement",
        "metadata": {
            "url": "http://formation-continue.ma/index.php/formation-continue/dca/177-ingenierie-du-batiment"
        }
    },
    {
        "id": "665bad598e35f7aa7d019c1c",
        "type": "continuing_education_info",
        "title": "Formation continue  DCA",
        "content": "Filiere: Ingénierie Civil et Gestion des Projets de B.T.P Objectif: L'objectif de la formation continue proposée (DCA), est de former des cadres capables de participer à la conception, à la maîtrise, à la réalisation et à la conduite des projets dans le domaine du bâtiment et des travaux publics; tout en intégrant les facteurs techniques, économiques et humains de lentreprise, depuis la préparation jusqu'à la livraison. Public_concerne: Les conditions daccès au DCA sont:Etre titulaire dun Bac2 minimum dans le domaine scientifique, économique ou de gestion, de lenseignement supérieur.Une présélection sur la base du dossier,Un entretien individuel. Debouche: ",
        "metadata": {
            "url": "http://formation-continue.ma/index.php/formation-continue/dca/183-ingenierie-civil-et-gestion-des-projets-de-b-t-p"
        }
    },
    {
        "id": "665bad598e35f7aa7d019c1d",
        "type": "continuing_education_info",
        "title": "Formation continue  DCA",
        "content": "Filiere: Ingénierie de la maintenance industrielle Objectif: 1-Objectifs généraux : La formation vise à repondre à un besoin en compétences scientifiques et techniques de heut niveau et ce dans le secteur industriel, national ou international en général, et régional particulier. En effet, compte tenu du développement croissant de la région du Nord du royaume, la demande en matiére de cadres et techniciens qualifiés dans diverses spécialitées ne cesse d'augmenter, c'est la raison pour laquelle cette formation est mise en place en vue de répondre en partie à cette demande.2-Objectifs spécifiques : L'objectif vise à former des cadres, techniciens et techniciens supérieurs dans les techniques de maintenance des systèmes automatisés aisi que dans les fonctions d'organisation de la gestion de la maintenance, gestion de processus industriels, d'industrialisation de produits nouveaux, d'amélioration industrielle, de pilotage de la production, de conduite de projets industriels... La formation proposée a pour but de fournir aux candidats tous les éléments indispensables à son insertion harmonieuse dansle monde industriel. Les enseignements proposés associent théorie et techniques, expérimentation, projets et réalisation. Public_concerne: Le DCA Ingénieurie de la maintenance industrielle est ouvert :Aux titulaires d'un DEUG, DEUT ou DEUPAux titulaires d'un diplôme : Bac2 délivré par les établissements publics ou privés relevant de l'enseignement supérieurTout diplôme de niveau Bac2 donné par les établissements de la formation professionnelle (ISTA)A tout diplôme de niveau Bac2 donné par les établissements accrédités par la formation professionnelle (accréditation exigée)A tout diplôme étranger reconnu équivalentAux personnels disposants d'une expérience profesionnelle (Les demandes pour la validations des Acquis de l'Experience seront exclusivement adressées à la CPU qui décidera de la recevabilité ou pas) Debouche: Les titulaires de ce DCA peuvent s'engager directement dans la vie professionnelle à l'issue de leur scolarité. Ils trouveront leur place au sein des services à compétences polyvalentes : industrie chimique, électricité, énergétique, informatique, mécanique, pétrole, réseaux, Technico-commercial... Ils peuvent aussi occuper les fonctions de : Responsable de la maintenance et travaux neufs Responsable de la gestion de production Préparateur et responsable industrialisation Résponsable de services techniques Technicien qualité des réseaux électriques ",
        "metadata": {
            "url": "http://formation-continue.ma/index.php/formation-continue/dca/182-ingenierie-de-la-maintenance-industrielle"
        }
    },
    {
        "id": "665bad598e35f7aa7d019c1e",
        "type": "continuing_education_info",
        "title": "Formation continue  DCESS",
        "content": "Filiere: INGENIERIE ET MANAGEMENT DES SYSTEMES INDUSTRIELS Objectif: Le cycle des Etudes Supérieures Spécialisées en Ingénierie et Management des Systèmes Industriels, qui est un Bac5, vient pour répondre aux évolutions de lindustrie régionale et nationale. En effet, un contexte industriel en pleine mutation, un besoin en cadres de grandes compétences de la conception jusquau contrôle métrologique en passant par la fabrication et le management déquipes, justifie cette formation de haut niveau. Les objectifs de ce cycle sont:être capable de faire une conception mécanique pour répondre à un cahier de charges en passant par les notices de calculs;Maitriser les différents procédés de fabrication mécanique;être capable de rédiger une gamme de fabrication pour un produit mécanique de lindustrie Automobile, Aéronautique et autres;être capable de faire le contrôle de qualité des produits mécaniques; disposer de solides compétences dans les domaines des sciences et des technologies;disposer d'un potentiel de créativité et d'innovation;avoir des aptitudes à conduire, à maîtriser, à organiser et à faire évoluer des procédés et des processus industriels;être capable de conduire, de diriger et de réaliser des projets industriels;Etre préparé à une insertion et à une évolution professionnelle dans le domaine de conception, fabrication, contrôle métrologique et management des équipes dans le secteur de lindustrie automobile et aéronautique. Public_concerne: Cette formation sadresse aux diplômés en situation dactivité, salariés ou non, le dispositif mis en place sattache, dans sa conception, à créer les conditions dune insertion, dune réinsertion professionnelle ou dune adaptation à de nouvelles fonctions, notamment dans le secteur de lIndustrie automobile et aéronautique; et celui de lIndustrie mécanique générale, Design et conception de nouveaux produits mais aussi le Management en entreprise.Les candidats devront avoir acquis le niveau dingénieur, dune maitrise, dune licence, dun DCA ou tout autre diplôme reconnu équivalent à Bac3 mini. Debouche: Les diplômés du DCESS en Ingénierie et Management des Systèmes Industriels pourront prétendre à des postes de responsable industriel dans les PMEPMI : Responsable Bureau dÉtudes; Responsable Bureau de Méthodes; Responsable Outillage,Production; Manager,Chef deprojet,...etc. ",
        "metadata": {
            "url": "http://formation-continue.ma/index.php/formation-continue/dcess/188-ingenierie-et-management-des-systemes-industriels"
        }
    },
    {
        "id": "665bad598e35f7aa7d019c1f",
        "type": "continuing_education_info",
        "title": "Formation continue  DCA",
        "content": "Filiere: AUTOMATISMES INDUSTRIELS AVANCÉS Objectif: Objectifs Généralde la Formation :Cette formation prépare les étudiants et salariés opérationnels dans le secteur de la maintenance industrielle ou la production, aux systèmes de production automatisée.La formation traite particulièrement les systèmes de commande réalisés par différentes solutions technologiques.Objectifs Spécifiques de la Formation :Former des techniciens sur la partie commande dun système de production piloté par automates programmables.Maitriser la programmation des automates programmables et composants annexes.Former des techniciens capables dintervenir sur les systèmes automatisés en vue de conduite ou de maintenance. Public_concerne: Techniciens à la recherche dune spécialisation pour faciliter leur insertion dans le monde industriel,Techniciens opérationnels à la recherche dune mise à niveau de leurs connaissances techniques pour pouvoir répondre aux exigences de leur fonction face aux progrès technologiques,Salariés du milieu industriel désirant diversifier leur connaissance pour une réinsertion et développement de carrière. Debouche: ",
        "metadata": {
            "url": "http://formation-continue.ma/index.php/formation-continue/dca/184-automatismes-industriels-avances"
        }
    }
]