[
    {
        "id": "665bad588e35f7aa7d019b90",
        "type": "student_space_biblio",
        "title": "LA BIBLIOTHÈQUE NUMÉRIQUE CAIRN SCIENCES ET TECHNIQUES EST À VOTRE SERVICE",
        "content": "Il est porté à la connaissance des étudiants quils peuvent désormais accéder et bénéficier des différentes ressources numériques de la bibliothèque numérique Cairn Sciences et Techniques. Pour y accéder il faut se connecter via le réseau WIFI Campus connecté des locaux de la FST de Tanger. Lien : https:www.cairn-sciences.info",
        "metadata": {
            "url": "https://fstt.ac.ma/Portail2023/la-bibliotheque-numerique-cairn-sciences-et-techniques-est-a-votre-service/"
        }
    }
]