[
    {
        "id": "665bad588e35f7aa7d019bb1",
        "type": "entrepreneurship_space",
        "title": "Centre dincubation de Techno-entrepreneuriat Yabda",
        "content": "qui_sommes_nous: Le campus dincubation  Yabda  est un centre de formation et de recherche qui a été implanté à la FST- Tanger pour transformer les idées des étudiants de luniversité en entreprises. Ceci, en mobilisant lensemble des acteurs pour préparer des générations capables de relever les défis futurs et apporter dessolutions intelligentes qui contribueront au développement Socio-économique de notre Pays, à son rayonnement international et au progrès de lHumanité. objectif: Apport dune nouvelle vision des établissements universitaires et le changement des idées reçues auprès des universitaires ( administration et corps professoral) et du corps industriel. Construire un écosystème complet favorisant lesprit dentreprise et linnovation dans les établissements denseignement supérieur . Transformer luniversité en plate-forme de démarrage de lentrepreneuriat étudiant efficace. Incubation des strart ups. Comment: Des workshop et ateliers ont été organisés en présentiel ou à distance pour la formation des formateurs (professeurs et administrateurs) dans différentes thématiques liées à lentrepreneuriat. Ces formations ont été données par des experts pour faire profiter les participants de leurs retours dexpérience. Communauté Yabda : le projet se voulait agir comme un  entrepreneur politique  en diffusant des idées et des compétences entrepreneuriales grâce à linteraction avec les entreprises, les décideurs politiques et la société. Ceci a renforcé son impact systémique. Un réseau intra-institutionnel dynamique et inclusif dirigé par lUAE a été construit sur Facebook où les actions du projet Yabda liées à lenvironnement socio-économique régional sont postées. activite_service: Un savoir-faire : Un accompagnement dans la détermination du business model, la rédaction du business plan, le dépôt des brevets. Les types de formations proposées par le centre  YABDA  sont : Présentation du Business Plan Étude de faisabilité Business Model Design Thinking Finance de la création dentreprise Lancement dactivité Connaissances et compétences à acquérir : Approche méthodologique du marché Montage du business plan et du compte de résultat, plan definancement et trésorerie Choix du statut juridique et formalités de constitution en fonction des différents statuts Design thinking Business Model Savoir analyser un marché Savoir monter un business plan, un compte de résultat, le plan definancement et de trésorerie Savoir choisir un statut juridique et connaître les formalités deconstitution de lentreprise en fonction des différents statuts Être en capacité danalyser les forces et faiblesses du futur créateur Une mise en réseau : les incubateurs jouent un rôle essentiel dans la maturation dun projet innovant. Présents à la fois en amont de la création et au cours de la vie de lentreprise, ils mettent à disposition des porteurs de projet une multitude de services leur permettant de se lancer dans les meilleures conditions. Ils concourent ainsi à la formation dun écosystème propice à lémergence et au développement de startups. Léquipe dincubation aide la future entreprise à comprendre son marché et les opportunités daffaires qui en découlent et laccompagne dans sa recherche de financements grâce à ses relations étroites avec notamment les fonds damorçage. Ceci, grâce à laccès à la communauté danciens incubés et la mise en relation avec des investisseurs, des partenaires, des clients, des béta-testeurs. ",
        "metadata": {
            "url": "https://fstt.ac.ma/Portail2023/centre-dincubation-de-techno-entrepreneuriat-yabda/"
        }
    }
]