[
    {
        "id": "665bad588e35f7aa7d019c11",
        "type": "student_space_club",
        "title": "Future Leaders",
        "content": " Are you the future leader of your community ? The pathway to success can be a long hard struggle but all is revealed by FUTURE LEADERS CLUB. Join us and be the change youwishsee in the world!",
        "metadata": {
            "url": "https://fstt.ac.ma/Portail2023/club-future-leaders/"
        }
    },
    {
        "id": "665bad5b8e35f7aa7d019c23",
        "type": "student_space_club",
        "title": "Club Echec  Mat",
        "content": "",
        "metadata": {
            "url": "https://fstt.ac.ma/Portail2023/club-echec-mat/"
        }
    },
    {
        "id": "665bad5b8e35f7aa7d019c2b",
        "type": "student_space_club",
        "title": "DI: Géoinformation",
        "content": "Le principal objectif de cette filière est de former des ingénieurs \"géo-informaticiens cartographes gestionnaires de linformation spatiale\" polyvalents, qui s'intéressent prioritairement à l'organisation, au traitement, à la gestion et à la production des données géographiques et environnementales au moyen de la cartographie, de la télédétection, de l'analyse spatiale quantitative et des systèmes d'informations géographiques.",
        "metadata": {
            "url": "https://fstt.ac.ma/Portail2023/di-geoinformation/"
        }
    },
    {
        "id": "665bad5e8e35f7aa7d019c34",
        "type": "student_space_club",
        "title": "نادي القرآن الكريم",
        "content": "يشكل نادي اقرأ للقرآن الكريم فضاء علميا معرفيا تربويا للعمل الطلابي من داخل كلية العلوم والتقنيات بجامعة عبد المالك السعدي بمدينة طنجة أفرز ميلاده في أكتوبر 2010 وهو نادي شبابي طلابي مغربي مستقل عن أي انتماء حزبي أو سياسي و كذا بعيد ومستقل عن مختلف فصائل الحركة الإسلامية ولا يروج لأفكار جهة معينة أو جماعة محددة بل يدعوا إلى الإسلام الوسط  وكذلك جعلناكم أمة وسطا  البقرة الآية 143",
        "metadata": {
            "url": "https://fstt.ac.ma/Portail2023/quran/"
        }
    },
    {
        "id": "665bad5e8e35f7aa7d019c38",
        "type": "student_space_club",
        "title": "Club Design  Photography",
        "content": " Le  Club Design  Photography , est une filiale de lAssociation Marocaine de Design  Photography , cest tout simplement un espace de pure beauté et de créativité où tout le monde a le droit de laisser son esprit naviguer dans locéan infini de la création et de la pure inspiration.",
        "metadata": {
            "url": "https://fstt.ac.ma/Portail2023/club-design-photography/"
        }
    },
    {
        "id": "665bad5e8e35f7aa7d019c45",
        "type": "student_space_club",
        "title": "Club dastronomie",
        "content": "",
        "metadata": {
            "url": "https://fstt.ac.ma/Portail2023/club-d-astronomie/"
        }
    },
    {
        "id": "665bad5e8e35f7aa7d019c4c",
        "type": "student_space_club",
        "title": "CADAC",
        "content": "",
        "metadata": {
            "url": "https://fstt.ac.ma/Portail2023/club-d-art-dramatique-et-d-animation-culturelle/"
        }
    },
    {
        "id": "665bad5e8e35f7aa7d019c4e",
        "type": "student_space_club",
        "title": "Club Enactus",
        "content": " Léquipe ENACTUS de la Faculté des Sciences et Techniques de Tanger, est crée en novembre 2011,et est constituée des doctorants, des élèves ingénieurs, des étudiants en master et des licenciés. Elle appartient à lONG mondiale Enactus, une organisation à but non lucratif, implantée dans plus de 48 pays tel que le Maroc , ayant pour objectif de promouvoir le partenariat entre les entreprises, les universités , les grandes écoles et la société civile. La finalité du programme Enactus consiste à améliorer la qualité et le niveau de vie dun grand nombre dindividus dans le monde entier à travers lenseignement des principes de léconomie de marché, de lentreprenariat, de la réussite financière et de léthique dans le domaine des affaires.",
        "metadata": {
            "url": "https://fstt.ac.ma/Portail2023/club-enactus/"
        }
    },
    {
        "id": "665bad608e35f7aa7d019c55",
        "type": "student_space_club",
        "title": "Greenology",
        "content": "Le Club de lenvironnement de la FST de Tanger, Dénommé Greenology Club, est nouvellement créé et il a comme vocation de :  Transmettre aux étudiants, une conscience nationale éclairée, un patriotisme activé pour un environnement préservé.  Sensibiliser et rendre les étudiants de la FST de Tanger des combattants contre léparpillement de lenvironnement.  Tous unis, bien convaincus que nos richesses environnementales très précieuses sont menacées, et quavec une conscience large du désastre écologique qui frappe à la porte de notre pays, on pourra gagner la bataille et sauver ce quil reste encore à sauver.",
        "metadata": {
            "url": "https://fstt.ac.ma/Portail2023/greenology/"
        }
    },
    {
        "id": "665bad618e35f7aa7d019c5a",
        "type": "student_space_club",
        "title": "Club Biotechnologie",
        "content": " Le Club Biotechnologie est une organisation à but non lucratif, cest une organisation estudiantine qui accueille des événements et offre des services qui permettent aux membres dexplorer le monde des affaires et de la biotechnologie.",
        "metadata": {
            "url": "https://fstt.ac.ma/Portail2023/club-biotechnologie/"
        }
    },
    {
        "id": "665bad618e35f7aa7d019c5b",
        "type": "student_space_club",
        "title": "Club les sophistes",
        "content": "",
        "metadata": {
            "url": "https://fstt.ac.ma/Portail2023/club-les-sophistes/"
        }
    },
    {
        "id": "665bad618e35f7aa7d019c5c",
        "type": "student_space_club",
        "title": "Club Génie civil",
        "content": " Le Club Génie civil est un club scientifique de la faculté des sciences et techniques Tanger crée en 2014 par létudiant KALOUCH Hammam Qui vise a développer la culture scientifiques chez les étudiants de la FSTT ainsi que présenter la filière LST et MST Génie Civil de la FSTT et dorganiser plusieurs activité scientifiques dans le domaine de Génie civil, qui incluent des visites de chantiers, des conférences, des Ateliers et Un évènement annuel la journée Génie civil FSTT .",
        "metadata": {
            "url": "https://fstt.ac.ma/Portail2023/club-genie-civil/"
        }
    }
]