[
    {
        "id": "665bad578e35f7aa7d019b8f",
        "type": "faculty_presentation",
        "title": "Présentation",
        "content": "I- PRESENTATION DE LA FST DE TANGER  DIAGNOSIQUELa Faculté des Sciences et Techniques de Tanger (FSTT), relevant de lUniversité Abdelmalek Essaâdi a été créée en 1995. Elle fait partie des établissements de lenseignement supérieur à accès régulé et a pour missions la formation initiale dans les domaines scientifiques et techniques, la formation continue ainsi que la recherche et le développement dans les domaines des sciences et techniques. Formation Initiale La FST de Tanger offre des cursus de formation qui préparent aux diplômes suivants :DEUST : Diplôme dEtudes Universitaire en Sciences et Techniques (Bac 2).LST : Diplôme de Licence en Sciences et Techniques (Bac 3)MST : Diplôme de Master en Sciences et Techniques (Bac 5)DI : Diplôme dIngénieur dÉtat (Bac 5)Doctorat en Sciences et Techniques (Bac 8)La FST de Tanger propose une panoplie de formation riches et diversifiées répondant aux divers besoins du monde socio-économique (12 filières LST, 13 filières MST, 4 filières Ingénieurs) Formation continue Les programmes de la formation continue sont destinés aux professionnels qui souhaitent acquérir des nouvelles compétences ou approfondir leurs connaissances dans leur domaine dactivité.Les formations proposées couvrent des programmes variés dans les domaines des sciences et de la technologie tels que :Les sciences de lingénierie de lInformatique- Civil Mécanique-Electrotechnique  Industrielle et autres. Recherche scientifiqueLa recherche scientifique à la FST de Tanger est structurée autour de 7 laboratoires, 11 équipes de recherche, 2 centres (CDI : Centre de Développement et de lInnovation et le CFA : Centre de Fabrication Additive) et un Observatoire Digital de lEnvironnement. Les thématiques de recherches développées par ces structures concernent :Lagro-alimentaire, la biotechnologie, Biologie et santéLÉnergie et lEfficacité ÉnergétiqueLEau et lEnvironnementLes Matériaux et les NanomatériauxLes Mathématiques et InformatiqueAutres Fablab Green Lab Le Green Lab est un FabLab a été créé pour encourager linnovation, la créativité et lesprit dentreprise chez les étudiants et les membres de la communauté locale. Le Green Lab est équipé dune variété doutils et de technologies, tels que des imprimantes 3D, des machines de découpe laser, des fraiseuses CNC et des équipements électroniques. Ces outils permettent aux membres du laboratoire de concevoir, prototyper et fabriquer une grande variété de projets, allant de petits gadgets électroniques aux prototypes de produits commerciaux. Le laboratoire est également axé sur la durabilité et lenvironnement, avec une forte emphase sur les projets qui utilisent des matériaux recyclés ou respectueux de lenvironnement. Les Etudiants du Green Lab travaillent sur des projets qui abordent des problèmes environnementaux tels que la pollution de leau, la gestion des déchets, la durabilité des ressources naturelles et lagriculture urbaine. Le Green Lab est ouvert aux étudiants de tous les départements de la Faculté des Sciences et Techniques de Tanger, ainsi quaux membres de la communauté locale qui souhaitent utiliser les installations. Il offre également des ateliers de formation sur les compétences techniques, la conception de produits et lentrepreneuriat.Les clubs des Etudiants Les clubs des étudiants peuvent apporter une valeur ajoutée significative à la vie universitaire. Tout dabord, les clubs offrent une occasion aux étudiants de sengager dans des activités qui les passionnent et de rencontrer des personnes partageant les mêmes intérêts.De plus, les clubs peuvent aider à renforcer les compétences de leadership et à développer des compétences professionnelles, ce qui peut être bénéfique pour les futurs parcours professionnels des étudiants.",
        "metadata": {
            "url": "https://fstt.ac.ma/Portail2023/presentation/"
        }
    }
]