[
    {
        "id": "665bad5b8e35f7aa7d019c24",
        "type": "research_team",
        "title": "Équipes de recherche",
        "content": "laboratoire: Equipe : Valorisation Biotechnologique des Microorganismes, Génomique et Bio-Informatique (VBMGBI) directeur_infos: Pr.Barrijal SaidSpécialité : Biologie moléculaireTél : 05 39 39 39  54  55 GSM : 06 68 90 69 04 E-mail : s.barrijal@uae.ac.ma axes_recherche: Microbiologie Médicale Phytopathologie Lutte BiologiqueGénétique Diversité Génétique projets_recherche_link: https:fstt.ac.maPortail2023les-projets-de-recherche these_habil_soutenues_link: https:fstt.ac.maPortail2023tableau-de-bord-doctorat prod_scientifique: https:fstt.ac.maPortail2023production-scientifique membres: - ESSALMANI Haiat (hessalmani@gmail.com ) - EL AMRANI Amal (elamrania@hotmail.com ) - LEBBADI Meriem (lebbadim@hotmail.com ) - LAIRINI Khalid (khalidlairini@gmail.com ) - ELBOUKARI Mohamed (m.elboukari@uae.ac.ma) other_membre_key: ",
        "metadata": {
            "url": "https://fstt.ac.ma/Portail2023/equipe-valorisation-biotechnologique-des-microorganismes-genomique-et-bio-informatique-vbmgbi/"
        }
    },
    {
        "id": "665bad5b8e35f7aa7d019c26",
        "type": "research_team",
        "title": "Équipes de recherche",
        "content": "laboratoire: Équipes de recherche directeur_infos: None axes_recherche: projets_recherche_link: these_habil_soutenues_link: prod_scientifique: membres: other_membre_key: ",
        "metadata": {
            "url": "https://fstt.ac.ma/Portail2023/equipes-de-recherche/"
        }
    },
    {
        "id": "665bad5d8e35f7aa7d019c30",
        "type": "research_team",
        "title": "Équipes de recherche",
        "content": "laboratoire: Equipe : Géoinformation, Aménagement du Territoire et Environnement (GATE) directeur_infos: Pr. AMHARREF MinaSpécialité : Sciences de la Terre : Hydrogéologie, SIG et Analyse spatialeTél : 05 39 39 39  54  55 GSM : 06 48 71 92 65 E-mail : m.amharref@uae.ac.ma axes_recherche: Modélisation mathématiques des phénomènes environnementaux Géoinformation appliquée à lenvironnement et aux risques naturels Vulnérabilité des systèmes spatio-temporel environnementaux Dynamique des systèmes littoraux projets_recherche_link: https:fstt.ac.maPortail2023les-projets-de-recherche these_habil_soutenues_link: https:fstt.ac.maPortail2023tableau-de-bord-doctorat prod_scientifique: https:fstt.ac.maPortail2023production-scientifique membres: - EL ABDELLAOUI Jamal Eddine (masgeoinfo@yahoo.fr) - BERNOUSSI Abdes Samed (abernoussi@uae.ac.ma) - BELFEKIH Abdelaâziz (abelfekih@gmail.com) - ES SAOUINI Hind (essaouini.hind@gmail.com) other_membre_key: ",
        "metadata": {
            "url": "https://fstt.ac.ma/Portail2023/equipe-geoinformation-amenagement-du-territoire-et-environnement-gate-2/"
        }
    },
    {
        "id": "665bad5e8e35f7aa7d019c32",
        "type": "research_team",
        "title": "Équipes de recherche",
        "content": "laboratoire: Equipe : Génie Chimique et Valorisation des Ressources (GCVR) directeur_infos: Pr. CHAFIK TarikSpécialité : Génie des Procédés CatalytiquesTél : 05 39 39 39  54  55 GSM : 06 68 43 49 54 E-mail : tchafik@uae.ac.maPage Web : https:www.researchgate.netlabTarik-Chafiks-lab-Tarik-Chafik axes_recherche: Nanomatériaux pour énergie Traitement des eaux Production dhydrogène stockage et conversion dénergie Procédés de Dépollution Valorisation des Ressources projets_recherche_link: https:fstt.ac.maPortail2023les-projets-de-recherche these_habil_soutenues_link: https:fstt.ac.maPortail2023tableau-de-bord-doctorat prod_scientifique: https:fstt.ac.maPortail2023production-scientifique membres: - EL MOUJAHID Chaouki (celmoujahid@uae.ac.ma) - ACHAK Ouafae (oachak@uae.ac.ma) - LAKHMIRI RAJAE (rlakhmiri@uae.ac.ma) - AMRANI Mahacine (m.amrani2@uae.ac.ma) - ALLOUCH Mohamed (mallouch@uae.ac.ma) - HAMDOUNE Faouzia (fhamdoune@uae.ac.ma) - HAJJI Faouzia (f.hajji@uae.ac.ma) other_membre_key: ",
        "metadata": {
            "url": "https://fstt.ac.ma/Portail2023/equipe-genie-chimique-et-valorisation-des-ressources-gcvr/"
        }
    },
    {
        "id": "665bad5e8e35f7aa7d019c33",
        "type": "research_team",
        "title": "Équipes de recherche",
        "content": "laboratoire: Equipe : Industrial Systems Engineering and Energy Conversion (ISEEC) directeur_infos: Pr.BOULAALA MOHAMMEDSpécialité : Génie ÉlectriqueTél : 05 39 39 39  54  55 GSM : 06 64 24 92 93 E-mail : m.boulaala@uae.ac.ma axes_recherche: Conversion dénergie Énergie renouvelable Robotique et vision Ingénierie numérique projets_recherche_link: https:fstt.ac.maPortail2023les-projets-de-recherche these_habil_soutenues_link: https:fstt.ac.maPortail2023tableau-de-bord-doctorat prod_scientifique: https:fstt.ac.maPortail2023production-scientifique membres: - EL MRABET MHAMED (melmrabet@uae.ac.ma) - HADJ BARAKA IBRAHIM (ihadjbaraka@uae.ac.ma) - MEKRINI ZINEB (zmekrini@uae.ac.ma) - EL MESBAHI ABDELILAH (a.mesbahi@uae.ac.ma) - BENLAMLIH MOHAMMED (benlamlih@gmail.com) - HAMDOUNE SALAHEDDINE (shamdoun@hotmail.com) - BOULAALA MOHAMMED (m.boulaala@uae.ac.ma) other_membre_key: ",
        "metadata": {
            "url": "https://fstt.ac.ma/Portail2023/equipe-industrial-systems-engineering-and-energy-conversion-iseec/"
        }
    },
    {
        "id": "665bad5e8e35f7aa7d019c37",
        "type": "research_team",
        "title": "Équipes de recherche",
        "content": "laboratoire: Equipe : Matériaux, Environnement et Développement Durable (MEDD) directeur_infos: Pr.BEN ALLAL LaïlaSpécialité : Génie Civil et EnvironnementalTél : 05 39 39 39  54  55 GSM : 06 67 11 19 09 E-mail : lbenallal@uae.ac.ma axes_recherche: Économie Circulaire et Éco-Matériaux Changement Climatique Valorisation des biodéchets Développement Durable Agroalimentaire projets_recherche_link: https:fstt.ac.maPortail2023les-projets-de-recherche these_habil_soutenues_link: https:fstt.ac.maPortail2023tableau-de-bord-doctorat prod_scientifique: https:fstt.ac.maPortail2023production-scientifique membres: - EL AYADI Houda (h.elayadi@uae.ac.ma) - AMMARI Mohammed (mammari@uae.ac.ma) - FAKIH LANJRI Asmaa (a.fakihlanjri@uae.ac.ma) - FATH ALLAH Rabie (r.fathallah@uae.ac.ma) - BOUCHARA Aicha (abouchara@uae.ac.ma) - BRIGUI Jamal (j.brigui@uae.ac.ma) other_membre_key: ",
        "metadata": {
            "url": "https://fstt.ac.ma/Portail2023/equipe-materiaux-environnement-et-developpement-durable-medd/"
        }
    },
    {
        "id": "665bad5e8e35f7aa7d019c48",
        "type": "research_team",
        "title": "Équipes de recherche",
        "content": "laboratoire: Equipe : GéoRisques  GéoRessources (G2R) directeur_infos: Pr.Aboumaria KhadijaSpécialité : Géologie (Sédimentologie)Tél : 05 39 39 39  54  55 GSM : 06 61 10 53 47 E-mail : kaboumaria@uae.ac.ma axes_recherche: Géosciences de lenvironnement projets_recherche_link: https:fstt.ac.maPortail2023les-projets-de-recherche these_habil_soutenues_link: https:fstt.ac.maPortail2023tableau-de-bord-doctorat prod_scientifique: https:fstt.ac.maPortail2023production-scientifique membres: - AFAILALTRIBAK Abdelghani (aafailal@uae.ac.ma) - BOUHMADI Belkacem (b.bouhmadi@uae.ac.ma) - FKIHECH Abdelmalek (a.fkihach@uae.ac.ma) - MOURABIT Taoufik (t.mourabit@uae.ac.ma) - ROSSI Abdelhamid (arossi@uae.ac.ma) - TAHAYT Abdelilah (atahayt@uae.ac.ma) - ZAGHLOUL Mohamed Najib (zaghloul@geologist.com) other_membre_key: ",
        "metadata": {
            "url": "https://fstt.ac.ma/Portail2023/equipe-environnement-marin-et-risques-naturels-eremrn/"
        }
    },
    {
        "id": "665bad5e8e35f7aa7d019c49",
        "type": "research_team",
        "title": "Équipes de recherche",
        "content": "laboratoire: Equipe : Couches Minces et Nanomatériaux (ERCMN) directeur_infos: Pr.AOUNI ABDESAMADSpécialité : Sciences des MatériauxTél : 05 39 39 39  54  55 GSM : 06 77 57 22 49 E-mail : aaouni@uae.ac.ma axes_recherche: Matériaux pour Stockage et Conversion dÉnergie Simulation Théorique et Modélisation projets_recherche_link: https:fstt.ac.maPortail2023les-projets-de-recherche these_habil_soutenues_link: https:fstt.ac.maPortail2023tableau-de-bord-doctorat prod_scientifique: https:fstt.ac.maPortail2023production-scientifique membres: - DIANI Mustapha (mdiani@uae.ac.ma) - CHAHBOU N Adil (adchahboun@uae.ac.ma) - ZANOUNIN Mohamed (mzanouni@uae.ac.ma) - EL METOUI Mustapha (elmetoui@gmail.com) - AOUNI Abdesamad (aaouni@uae.ac.ma) - JBILOU Mohamed (mjbilou@uae.ac.ma) - CHATT Abdelhamid (chatthamid@hotmail.com) other_membre_key: ",
        "metadata": {
            "url": "https://fstt.ac.ma/Portail2023/equipe-georisques-georessources-g2r-copy/"
        }
    },
    {
        "id": "665bad5e8e35f7aa7d019c4f",
        "type": "research_team",
        "title": "Équipes de recherche",
        "content": "laboratoire: Equipe : Biochimie et Génétique Moléculaire (UAEU07FST) directeur_infos: Pr.NHIRI MohamedSpécialité : BiochimieBiotechnologieTél : 05 39 39 39  54  55 GSM : 06 70 77 91 85 E-mail : mnhiri@uae.ac.ma axes_recherche: Criblage des molécules issues des plantes médicinales et aromatiques marocaines et leur effet antioxydant, anticancéreux, antidiabétique et anti-parkinson. Interaction carboneazote chez les plantes C4. Recherche sur les biostimulants à partir des macro-algues et PAM. Contribution à létude et la mise au point de méthodes spectrométriques de caractérisation des laits de vache commercialisés au Maroc et application au contrôle qualité des produits laitiers. projets_recherche_link: https:fstt.ac.maPortail2023les-projets-de-recherche these_habil_soutenues_link: https:fstt.ac.maPortail2023tableau-de-bord-doctorat prod_scientifique: https:fstt.ac.maPortail2023production-scientifique membres: - BENYASSI None (a.benyassi@uae.ac.ma) - BOUAYYAD None (abouayyad@uae.ac.ma) - NHIRI None (mnhiri@uae.ac.ma) - RKAINA None (m.rkaina@uae.ac.ma) other_membre_key: ",
        "metadata": {
            "url": "https://fstt.ac.ma/Portail2023/equipe-biochimie-et-genetique-moleculaire/"
        }
    },
    {
        "id": "665bad608e35f7aa7d019c51",
        "type": "research_team",
        "title": "Équipes de recherche",
        "content": "laboratoire: Equipe : Ingénierie et Pilotage des Systèmes Innovants (IPSI) directeur_infos: Pr.SEFIANI NaoufalSpécialité : Génie IndustrielTél : 05 39 39 39  54  55 GSM : 06 67 98 48 83E-mail : nsefiani@uae.ac.ma axes_recherche: Ingénierie et pilotage des systèmes industriels Industrie 4.0 et Supply Chain Management Matériaux et procédés de fabrication innovants projets_recherche_link: https:fstt.ac.maPortail2023les-projets-de-recherche these_habil_soutenues_link: https:fstt.ac.maPortail2023tableau-de-bord-doctorat prod_scientifique: https:fstt.ac.maPortail2023production-scientifique membres: - AZZOUZI Hamid (h.azzouzi@uae.ac.ma) - SEFIANI Naoufal (nsefiani@uae.ac.ma) - EL MRABET Hassan (h.elmrabet@uae.ac.ma) - FIKRI BENBRAHIM Chahinaze (c.fikribenbrahim@uae.ac.ma) - BOUCHAIB Abdelaziz (a.bouchaib@uae.ac.ma) other_membre_key: ",
        "metadata": {
            "url": "https://fstt.ac.ma/Portail2023/equipe-ingenierie-et-pilotage-des-systemes-innovants-ipsi/"
        }
    },
    {
        "id": "665bad608e35f7aa7d019c56",
        "type": "research_team",
        "title": "Équipes de recherche",
        "content": "laboratoire: Equipe : Géomatique, Télédétection et Cartographie (GéoTéCa) directeur_infos: Pr.MAATOUK MUSTAPHASpécialité : Géosciences de lenvironnement SIGTél : 05 39 39 39  54  55 GSM : 06 60 30 76 86E-mail : mmaatouk@uae.ac.ma axes_recherche: Géomatique et Aménagement du Territoire Télédétection et Observation de la Terre Cartographie des risques et résilience des territoires Géomatique et développement durable Géomatique et technologies géospatiales émergentes projets_recherche_link: https:fstt.ac.maPortail2023les-projets-de-recherche these_habil_soutenues_link: https:fstt.ac.maPortail2023tableau-de-bord-doctorat prod_scientifique: https:fstt.ac.maPortail2023production-scientifique membres: other_membre_key: ",
        "metadata": {
            "url": "https://fstt.ac.ma/Portail2023/equipe-geomatique-teledetection-et-cartographie-geoteca/"
        }
    },
    {
        "id": "665bad608e35f7aa7d019c58",
        "type": "research_team",
        "title": "Équipes de recherche",
        "content": "laboratoire: Equipe : Physique Appliquée (PA) directeur_infos: Pr.CHENTOUF AbdellahSpécialité : Physique appliquée Tél : 05 39 39 39  54  55 GSM : 06 70 29 83 51 E-mail : achentouf@uae.ac.ma axes_recherche: Interaction rayonnement matière Modélisation, Intelligence artificielle Matière condensé projets_recherche_link: https:fstt.ac.maPortail2023les-projets-de-recherche these_habil_soutenues_link: https:fstt.ac.maPortail2023tableau-de-bord-doctorat prod_scientifique: https:fstt.ac.maPortail2023production-scientifique membres: - DAANOUN Ali (adaanoun@uae.ac.ma) - JEBARI Fouad (fjebari@uae.ac.ma) - RACHAFI said (mrachafihausi@uae.ac.ma) - RUSI Elhassani Abdeljalil (arusihassani@uae.ac.ma) other_membre_key: ",
        "metadata": {
            "url": "https://fstt.ac.ma/Portail2023/equipe-physique-appliquee-pa/"
        }
    },
    {
        "id": "665bad618e35f7aa7d019c5f",
        "type": "research_team",
        "title": "Équipes de recherche",
        "content": "laboratoire: Equipe : Data Science, Artificial Intelligence and Smart Systems (E-DSAI2S) directeur_infos: Pr. EN-NAIMI EL MOKHTARSpécialité : InformatiqueTélGSM : 06 60 10 46 78  06 62 74 88 00E-mail : en-naimi@uae.ac.ma axes_recherche: Data Science, ML and DL Artificial Intelligence (AI), Distributed Artificial Intelligence (DAI) and Multi-Agents Systems (MAS) Smart Systems projets_recherche_link: https:fstt.ac.maPortail2023les-projets-de-recherche these_habil_soutenues_link: https:fstt.ac.maPortail2023tableau-de-bord-doctorat prod_scientifique: https:fstt.ac.maPortail2023production-scientifique membres: - EL BRAK MOHAMED (melbrak@uae.ac.ma) - ZOUHAIR ABDELHAMID (a.zouhair@uae.ac.ma) - MAHBOUB AZIZ (amahboub@uae.ac.ma) - EL GHOUCH NIHAD (nihad.elghouch@uae.ac.ma) other_membre_key: ",
        "metadata": {
            "url": "https://fstt.ac.ma/Portail2023/equipe-recherche-en-data-science-artificial-intelligence-and-smart-systems-e-dsai2s/"
        }
    },
    {
        "id": "665bad618e35f7aa7d019c60",
        "type": "research_team",
        "title": "Équipes de recherche",
        "content": "laboratoire: Equipe : Smart Systems  Emerging Technologies (SSET) directeur_infos: Pr.BOUDHIR ANOUAR ABDELHAKIMSpécialité : InformatiqueTél : 05 39 39 39  54  55 GSM : 06 25 25 40 26E-mail : aboudhir@uae.ac.ma axes_recherche: Réseaux Informatiques IoT Intelligence Artificielle Jeux sérieux et réalité augmentée Cloud Systèmes réparties Biotechnologie et E-Health. Immunologie Immun pathologie Systèmes Embarqués et Electronique projets_recherche_link: https:fstt.ac.maPortail2023les-projets-de-recherche these_habil_soutenues_link: https:fstt.ac.maPortail2023tableau-de-bord-doctorat prod_scientifique: https:fstt.ac.maPortail2023production-scientifique membres: - BEN AHMED Mohamed (mbenahmed@uae.ac.ma) - EL OUAAI Fatiha (elouaaif@gmail.com) - ASTITO Abdelali (aastito@uae.ac.ma) - BOUDHIR Anouar Abdelhakim (aboudhir@uae.ac.ma) other_membre_key: ",
        "metadata": {
            "url": "https://fstt.ac.ma/Portail2023/equipe-smart-systems-emerging-technologies/"
        }
    },
    {
        "id": "665bad618e35f7aa7d019c61",
        "type": "research_team",
        "title": "Équipes de recherche",
        "content": "laboratoire: Equipe : Transferts Thermiques et Energétique (ETTE) directeur_infos: Pr.Abdeslam DRAOUISpécialité : Thermique et EnergétiqueTél : 05 39 39 39  54  55 GSM : 06 68 90 76 33E-mail : adraoui@uae.ac.ma axes_recherche: Transferts Thermiques Efficacité Energétique (Bâtiments ; Industrie ; Transport) Développements des Utilisations des Energies Renouvelables projets_recherche_link: https:fstt.ac.maPortail2023les-projets-de-recherche these_habil_soutenues_link: https:fstt.ac.maPortail2023tableau-de-bord-doctorat prod_scientifique: https:fstt.ac.maPortail2023production-scientifique membres: - BENABDELOUAHAB Jaâfar (jbenabdelouahab@uae.ac.ma) - DERFOUFI Soufiane (sderfoufi@uae.ac.ma) - DRAOUI Abdeslam (adraoui@uae.ac.ma) - MAHDAOUI Mustapha (mmahdaoui@uae.ac.ma) - MAKROUM Hassan (makroum@hotmail.com) - TLEMÇANI Nourredine (n.tlemcani@uae.ac.ma) other_membre_key: ",
        "metadata": {
            "url": "https://fstt.ac.ma/Portail2023/equipe-transferts-thermiques-et-energetique-ette/"
        }
    },
    {
        "id": "665bad618e35f7aa7d019c63",
        "type": "research_team",
        "title": "Équipes de recherche",
        "content": "laboratoire: Equipe : DATA  INTELLIGENT SYSTEMS (DIS) directeur_infos: Pr. GHADI AbderrahimSpécialité : InformatiqueTél : 05 39 39 39  54  55 GSM : 06 61 93 15 63 E-mail : aghadi@uae.ac.ma axes_recherche: Data Mining, Decision Support Systems  Competitive intelligence Systems Graph  Complex Networks Serious Game  Smart Learning Smart Systems projets_recherche_link: https:fstt.ac.maPortail2023les-projets-de-recherche these_habil_soutenues_link: https:fstt.ac.maPortail2023tableau-de-bord-doctorat prod_scientifique: https:fstt.ac.maPortail2023production-scientifique membres: - GHADI Abderrahim (aghadi@uae.ac.ma) - ELAACHAK Lotfi (lelaachak@uae.ac.ma) - ZILI Hassan (hzili@uae.ac.ma) - GIBET TANI Hicham (h.gibettani@uae.ac.ma) other_membre_key: ",
        "metadata": {
            "url": "https://fstt.ac.ma/Portail2023/equipe-geoinformation-amenagement-du-territoire-et-environnement-gate/"
        }
    },
    {
        "id": "665bad618e35f7aa7d019c67",
        "type": "research_team",
        "title": "Équipes de recherche",
        "content": "laboratoire: Equipe : Innovation et Ingénierie (II) directeur_infos: Pr.BENABDELLAH AbdellatifSpécialité : Génie Mécanique et énergétiqueTél : 05 39 39 39  54  55 GSM : 06 66 43 16 24E-mail : a.benabdellah@uae.ac.ma axes_recherche: Ingénierie Innovation projets_recherche_link: https:fstt.ac.maPortail2023les-projets-de-recherche these_habil_soutenues_link: https:fstt.ac.maPortail2023tableau-de-bord-doctorat prod_scientifique: https:fstt.ac.maPortail2023production-scientifique membres: - BEN ABDELLAH Abdellatif (a.benabdellah@uae.ac.ma) - RECHIA Ahmed (a.rechia@uae.a) - ATABI Hicham (h.atabi@uae.ac.ma) - EL MESSAOUDI Driss (driss_elmessaoudi@yahoo.fr) - HAYANI MECHKOURI Meriem (mhayanimechkouri@uae.ac.ma) other_membre_key: ",
        "metadata": {
            "url": "https://fstt.ac.ma/Portail2023/equipe-innovation-et-ingenierie-ii/"
        }
    },
    {
        "id": "665bad618e35f7aa7d019c68",
        "type": "research_team",
        "title": "Équipes de recherche",
        "content": "laboratoire: Equipe : Modélisation Mathématique et Contrôle (MMC) directeur_infos: Pr. OUARDOUZ MustaphaSpécialité : Modélisation Systèmes complexesTélGSM : 06 61 23 06 37E-mail : mouardouz@uae.ac.ma axes_recherche: Génie Industriel Modélisation et contrôle Mécanique et Matériaux projets_recherche_link: https:fstt.ac.maPortail2023les-projets-de-recherche these_habil_soutenues_link: https:fstt.ac.maPortail2023tableau-de-bord-doctorat prod_scientifique: https:fstt.ac.maPortail2023production-scientifique membres: - ELFELESOUFI Zoubir (zelfelsoufi @uae.ac.ma) - AKOURRI Omar (oakourri@uae.ac.ma) - ELAYACHI Ilham (ielayachi@uae.ac.ma) - OUARDOUZ Mustapha (mouardouz@uae.ac.ma) other_membre_key: ",
        "metadata": {
            "url": "https://fstt.ac.ma/Portail2023/equipe-modelisation-mathematique-et-controle-mmc/"
        }
    },
    {
        "id": "665bad628e35f7aa7d019c77",
        "type": "research_team",
        "title": "Équipes de recherche",
        "content": "laboratoire: Equipe : Recherche en Environnement Marin et Risques Naturels (EREMRN) directeur_infos: Pr.EL ARRIM AbdelkrimSpécialité : Géomatique Appliqué à lEnvironnementTél : 05 39 39 39  54  55 GSM : 06 61 54 59 59E-mail : elarrimk@yahoo.fr axes_recherche: Matériaux pour Stockage et Conversion dÉnergie Simulation Théorique et Modélisation projets_recherche_link: https:fstt.ac.maPortail2023les-projets-de-recherche these_habil_soutenues_link: https:fstt.ac.maPortail2023tableau-de-bord-doctorat prod_scientifique: https:fstt.ac.maPortail2023production-scientifique membres: - BENAOUICHA Said (s.benaouicha@uae.ac.ma) - BOUZID Saida (sbouzid@uae.ac.ma) - DAMNATI Brahim (bdamnati@uae.ac.ma) - EL ARRIM Abdelkrim (k.elarrim@uae.ac.ma) - EL MOUMNI Bouchta (bouchta.elmoumni@uae.ac.ma) - ER-RAIOUI Hassan (h.erraoui@uae.ac.ma) - RAISSOUNI AHMED (a.raissouni@uae.ac.ma) other_membre_key: ",
        "metadata": {
            "url": "https://fstt.ac.ma/Portail2023/equipe-recherche-en-environnement-marin-et-risques-naturels-eremrn/"
        }
    },
    {
        "id": "665bad648e35f7aa7d019c7f",
        "type": "research_team",
        "title": "Équipes de recherche",
        "content": "laboratoire: Equipe : Biotechnologies et Génie des Biomolécules (ERBGB) directeur_infos: Pr.BAKKALI MohammedSpécialité : ÉcologieEnvironnementTél : 05 39 39 39  54  55 GSM : 06 62 74 88 04 E-mail : m.bakkali@uae.ac.ma axes_recherche: Amélioration de la qualité des produits et services Histoire des sciences projets_recherche_link: https:fstt.ac.maPortail2023les-projets-de-recherche these_habil_soutenues_link: https:fstt.ac.maPortail2023tableau-de-bord-doctorat prod_scientifique: https:fstt.ac.maPortail2023production-scientifique membres: - ARAKRAK Abdelhay (aarakrak@uae.ac.ma) - AARAB Ahmed (aaarab@uae.ac.ma) - LAGLAOUI Amin (alaglaoui@uae.ac.ma) - CHICHI Abdellah (achichi@uae.ac.ma) - HASSANI ZERROUK Mounir (mhassani@uae.ac.ma) - EL GALIOU Ouiam (oelgaliou@uae.ac.ma) other_membre_key: ",
        "metadata": {
            "url": "https://fstt.ac.ma/Portail2023/equipe-biotechnologies-et-genie-des-biomolecules-erbgb-2/"
        }
    }
]