[
    {
        "id": "665bad588e35f7aa7d019c02",
        "type": "announcement",
        "title": "DEMAIN DÈS AUJOURDHUI ! غدا من دابا",
        "content": "Débat didée avec Carole Saout-Grit, ingénieure détudes en océanographie physicienne. Elle dirige depuis 2008 le bureau détudes GLAZEO spécialisé dans les études scientifiques et techniques en océanographie physique. Elle est spécialisée dans locéanographie opérationnelle, contribuant à de grands programmes européens et internationaux. Depuis 2021, elle a créé Océans Connectés, un nouveau média numérique entièrement dédié aux sciences de la Mer, avec lobjectif de mettre la connaissance scientifique des océans à la portée de tous.",
        "metadata": {
            "url": "https://fstt.ac.ma/Portail2023/demain-des-aujourdhui-%d8%ba%d8%af%d8%a7-%d9%85%d9%86-%d8%af%d8%a7%d8%a8%d8%a7/"
        }
    },
    {
        "id": "665bad5e8e35f7aa7d019c39",
        "type": "announcement",
        "title": "CALENDRIER ET LISTES DES EXAMENS DE LA SESSION DE RATTRAPAGE  SEMESTRE DE PRINTEMPS 2023-2024",
        "content": "",
        "metadata": {
            "url": "https://fstt.ac.ma/Portail2023/calendrier-et-listes-des-examens-de-la-session-de-rattrapage-semestre-de-printemps-2023-2024/"
        }
    },
    {
        "id": "665bad5e8e35f7aa7d019c3a",
        "type": "announcement",
        "title": "AVIS AUX ÉTUDIANTS : LANCEMENT OFFICIEL DU PORTAIL DAPPRENTISSAGE VIRTUEL ORACLE UNIVERSITÉ",
        "content": "Dans le cadre de la concrétisation du Mémorandum dAccord tripartite entre le Ministère de lEnseignement Supérieur, de la Recherche Scientifique et de lInnovation, le Ministère de la Transition Numérique et de la Réforme de lAdministration et Oracle, la société Oracle annonce le lancement officiel du portail dapprentissage virtuel Oracle Université au profits des étudiants. Cet environnement numérique dynamique offre une opportunité unique dacquérir ou daffiner les compétences numériques dans des domaines spécialisés tels que le Cloud ou le développement dapplications. Afin de tirer pleinement parti de cette plateforme virtuelle, vous êtes invités à sinscrire et à accéder à une vaste gamme de certifications, notamment : OCI Foundation Associate (Certification) OCI Architect Associate (Certification) OCI Architect Professional (Certification) OCI DevOps Professional (Certification) Data Management Foundation Associate (Certification) Autonomous Database Specialist (Certification) Oracle Database Admin Specialist (Certification) Oracle Cloud Database Service Specialist (Certification) Java SE 17 Developer (Certification) APEX Cloud Developer (Certification) Cloud Applications Business Process (ERP, HCM, CX, SCM) Pour accéder au portail et démarrer votre parcours de certification, veuillez suivre ce lien : https:education.oracle.commesrsi-mtnra En cas de difficultés lors de la création de votre compte, léquipe technique dOracle est à votre disposition via ladresse suivante : https:education.oracle.comOUcontactUs",
        "metadata": {
            "url": "https://fstt.ac.ma/Portail2023/avis-aux-etudiants-lancement-officiel-du-portail-dapprentissage-virtuel-oracle-universite/"
        }
    },
    {
        "id": "665bad5e8e35f7aa7d019c3d",
        "type": "announcement",
        "title": "THE 8th INTERNATIONAL SYMPOSIUM ON SEDIMENT MANAGEMENT",
        "content": "I2SM is the International Symposium on Sediment Management first organized in 2008 in Lille, France, with the aim of bringing together researchers, industrialists, design offices and waterway managers around transdisciplinary problems of sediment management. The 7th edition which was to take place in 2020 in Lille has been postponed to June 2021 following the covid health crisis. After 13 years of success (in Morocco in 2010, in India in 2012, in Italy in 2014, in Canada in 2016 and in Mexico in 2018, Lille 2021), Tangier 2024 will once again be the host city of I2SM. To celebrate this event, you are all invited to participate in this special edition. Deadline for abstract submission : 01052024 Deadline for acceptance : 1605 2024 Deadline for Registrations : 01062024 To register, please make the transfer to the account of : Association Gestion de lEnvironnement, Développement Durable et Economie Circulaire (Faculté des Sciences et Techniques Tanger Maroc) Banque: AttijariWafa bank Domiciliation: Tanger Moulay Rachid Res. ALKHEIR SIS, N 3-Bloc K MESNANA TANGER MAROC RIB: 007 640 0015025000303620 30 IBAN: MA64 007 640 0015025000303620 30 SWIFT: BCMAMAMC Abstracts should be sent only by email to : i2sm.tanger2024@uae.ac.ma The format of the abstracts must follow the instructions specified in the template provided on : https:i2sm2024tanger.wp.imt.fr The symposium will be held at the prestigious Kenzi Solazur Hotel . Previous Next Dépliant Final I2SM Tanger 10-03-2024 Circulaire I2SM (Actualisé le 09032024)",
        "metadata": {
            "url": "https://fstt.ac.ma/Portail2023/the-8th-international-symposium-on-sediment-management/"
        }
    },
    {
        "id": "665bad5e8e35f7aa7d019c3e",
        "type": "announcement",
        "title": "AVIS DE CONCOURS DE RECRUTEMENT DE NEUF (09) MAÎTRES DE CONFÉRENCES",
        "content": "Avis de recrutement des Maîtres de Conférences",
        "metadata": {
            "url": "https://fstt.ac.ma/Portail2023/avis-de-concours-de-recrutement-de-trois-09-maitres-de-conferences/"
        }
    },
    {
        "id": "665bad5e8e35f7aa7d019c41",
        "type": "announcement",
        "title": "AVIS DE CONCOURS DE RECRUTEMENT DUN (01) INGÉNIEUR DÉTAT 1ER GRADE, SPÉCIALITÉ: INFORMATIQUE",
        "content": "La Faculté des Sciences et Techniques à Tanger organise un concours de recrutement dun Ingénieur dÉtat 1 er grade , Session 23062024 , Spécialité : informatique . Avis de concours",
        "metadata": {
            "url": "https://fstt.ac.ma/Portail2023/avis-de-concours-de-recrutement-dun-01-ingenieur-detat-1er-grade-specialite-informatique/"
        }
    },
    {
        "id": "665bad5e8e35f7aa7d019c44",
        "type": "announcement",
        "title": "GITEX AFRICA 2024 : LANCEMENT DUN APPEL À CANDIDATURE MOROCCO 200",
        "content": "La 2ème édition de GITEX Africa aura lieu du 29 au 31 mai 2024 à Marrakech, sous légide du ministère de la Transition numérique et de la réforme de ladministration, et sera accueilli par lAgence de développement digital. GITEX Africa Morocco a pour objectif de (i) promouvoir la dynamique que connaît lécosystème digital national (ii) mettre en avant les différentes avancées et réalisations innovantes du secteur public et privé (iii) identifier les opportunités dinvestissements et de partenariats avec les opérateurs technologiques invités à cette grande messe du digital. Pour plus dinformations sur le challenge et les conditions de participation, rendez-vous sur le site : https:www.gitexafrica.comafrica-supernova-challenge",
        "metadata": {
            "url": "https://fstt.ac.ma/Portail2023/gitex-africa-2024-lancement-dun-appel-a-candidature-morocco-200/"
        }
    },
    {
        "id": "665bad5e8e35f7aa7d019c47",
        "type": "announcement",
        "title": "LECTURESEMINAR ANNOUNCEMENT : RIVERBANK FILTRATION AS AN ELEMENT OF INTEGRATED WATER RESOURCES MANAGEMENT",
        "content": "As part of the activities of project  MENAWAT  Enhancement of higher education on managed aquifer recharge in the MENA water sector  sponsored by the DAAD with funds from the German Federal Foreign Office within the programme  Taziz Science Cooperations  and PPR2 OGI-Env project, we are excited to announce an upcoming seminar on  Riverbank filtration as an element of integrated water resources management  led by expert Dr.Ing. Cornelius SANDHU . Annonce-conf-corne-22-may_CS (1)",
        "metadata": {
            "url": "https://fstt.ac.ma/Portail2023/lecture-seminar-announcement-riverbank-filtration-as-an-element-of-integrated-water-resources-management/"
        }
    }
]