[
    {
        "id": "665bad598e35f7aa7d019c13",
        "type": "research_lab",
        "title": "Laboratoires de recherche",
        "content": "Laboratoire : Physico-Chimie des Matériaux, Substances Naturelles et Environnement (LAMSE)",
        "metadata": {
            "url": "https://fstt.ac.ma/Portail2023/laboratoire-physico-chimie-des-materiaux-substances-naturelles-et-environnement-lamse/"
        }
    },
    {
        "id": "665bad5b8e35f7aa7d019c25",
        "type": "research_lab",
        "title": "Laboratoires de recherche",
        "content": "Laboratoire : Recherche et Développement en Géosciences Appliquées (RDGéoAp)",
        "metadata": {
            "url": "https://fstt.ac.ma/Portail2023/laboratoire-recherche-et-developpement-en-geosciences-appliquees/"
        }
    },
    {
        "id": "665bad5b8e35f7aa7d019c28",
        "type": "research_lab",
        "title": "Laboratoires de recherche",
        "content": "Laboratoire : Mécanique et Génie Civil (LMGC)",
        "metadata": {
            "url": "https://fstt.ac.ma/Portail2023/laboratoire-mecanique-et-genie-civil/"
        }
    },
    {
        "id": "665bad5b8e35f7aa7d019c29",
        "type": "research_lab",
        "title": "Laboratoires de recherche",
        "content": "Laboratoire : Mathématiques et Applications (LMA)",
        "metadata": {
            "url": "https://fstt.ac.ma/Portail2023/laboratoire-mathematiques-et-applications/"
        }
    },
    {
        "id": "665bad5b8e35f7aa7d019c2e",
        "type": "research_lab",
        "title": "Laboratoires de recherche",
        "content": "Laboratoire : Materials, Systems and Energy Engineering (MaSEEL)",
        "metadata": {
            "url": "https://fstt.ac.ma/Portail2023/laboratoire-materials-systems-and-energy-engineering-maseel/"
        }
    },
    {
        "id": "665bad5e8e35f7aa7d019c31",
        "type": "research_lab",
        "title": "Laboratoires de recherche",
        "content": "Laboratoire : Génie chimique, biochimique , modélisation et valorisation des ressources (CBM-VR )",
        "metadata": {
            "url": "https://fstt.ac.ma/Portail2023/laboratoire-genie-chimique-biochimique-modelisation-et-valorisation-des-ressources-cbm-vr/"
        }
    },
    {
        "id": "665bad5e8e35f7aa7d019c3b",
        "type": "research_lab",
        "title": "Laboratoires de recherche",
        "content": "Laboratoire : COMPUTER SCIENCE AND SMART SYSTEMS (C3S)",
        "metadata": {
            "url": "https://fstt.ac.ma/Portail2023/laboratoire-computer-science-and-smart-systems-c3s/"
        }
    },
    {
        "id": "665bad5e8e35f7aa7d019c50",
        "type": "research_lab",
        "title": "Laboratoires de recherche",
        "content": "Laboratoire : Intelligent Automation  BioMedGenomics (IABL)",
        "metadata": {
            "url": "https://fstt.ac.ma/Portail2023/laboratoire-intelligent-automation-biomedgenomics-iabl/"
        }
    }
]