[
    {
        "id": "665bad588e35f7aa7d019b91",
        "type": "faculty_council",
        "title": "Conseil de létablissement",
        "content": "Brief: La Faculté est gérée par un conseil détablissement présidé par le Doyen. Le conseil de létablissement comprend des membres de droit, des représentants élus des personnels enseignants et des personnels administratifs et techniques, des représentants élus des étudiants, ainsi que des membres désignés parmi des personnalités extérieures. Responsabilite: Doyen Name: DIANI Mustapha",
        "metadata": {
            "url": "https://fstt.ac.ma/Portail2023/conseil-de-letablissement/"
        }
    },
    {
        "id": "665bad588e35f7aa7d019b93",
        "type": "faculty_council",
        "title": "Conseil de létablissement",
        "content": "Brief: La Faculté est gérée par un conseil détablissement présidé par le Doyen. Le conseil de létablissement comprend des membres de droit, des représentants élus des personnels enseignants et des personnels administratifs et techniques, des représentants élus des étudiants, ainsi que des membres désignés parmi des personnalités extérieures. Responsabilite: Vice Doyen de la Formation Name: JBILOU Mohammed",
        "metadata": {
            "url": "https://fstt.ac.ma/Portail2023/conseil-de-letablissement/"
        }
    },
    {
        "id": "665bad588e35f7aa7d019b94",
        "type": "faculty_council",
        "title": "Conseil de létablissement",
        "content": "Brief: La Faculté est gérée par un conseil détablissement présidé par le Doyen. Le conseil de létablissement comprend des membres de droit, des représentants élus des personnels enseignants et des personnels administratifs et techniques, des représentants élus des étudiants, ainsi que des membres désignés parmi des personnalités extérieures. Responsabilite: Vice Doyen de la Recherche et de la coopération Name: OUARDOUZ Mustapha",
        "metadata": {
            "url": "https://fstt.ac.ma/Portail2023/conseil-de-letablissement/"
        }
    },
    {
        "id": "665bad588e35f7aa7d019b95",
        "type": "faculty_council",
        "title": "Conseil de létablissement",
        "content": "Brief: La Faculté est gérée par un conseil détablissement présidé par le Doyen. Le conseil de létablissement comprend des membres de droit, des représentants élus des personnels enseignants et des personnels administratifs et techniques, des représentants élus des étudiants, ainsi que des membres désignés parmi des personnalités extérieures. Responsabilite: SG chargé du secrétariat du conseil Name: BIHRI Hassan",
        "metadata": {
            "url": "https://fstt.ac.ma/Portail2023/conseil-de-letablissement/"
        }
    },
    {
        "id": "665bad588e35f7aa7d019b96",
        "type": "faculty_council",
        "title": "Conseil de létablissement",
        "content": "Brief: La Faculté est gérée par un conseil détablissement présidé par le Doyen. Le conseil de létablissement comprend des membres de droit, des représentants élus des personnels enseignants et des personnels administratifs et techniques, des représentants élus des étudiants, ainsi que des membres désignés parmi des personnalités extérieures. Responsabilite: Chef du département de Physique Name: AJDOUR Mounia",
        "metadata": {
            "url": "https://fstt.ac.ma/Portail2023/conseil-de-letablissement/"
        }
    },
    {
        "id": "665bad588e35f7aa7d019b97",
        "type": "faculty_council",
        "title": "Conseil de létablissement",
        "content": "Brief: La Faculté est gérée par un conseil détablissement présidé par le Doyen. Le conseil de létablissement comprend des membres de droit, des représentants élus des personnels enseignants et des personnels administratifs et techniques, des représentants élus des étudiants, ainsi que des membres désignés parmi des personnalités extérieures. Responsabilite: Chef du département de Génie Chimique Name: CHABBI Mohamed",
        "metadata": {
            "url": "https://fstt.ac.ma/Portail2023/conseil-de-letablissement/"
        }
    },
    {
        "id": "665bad588e35f7aa7d019b98",
        "type": "faculty_council",
        "title": "Conseil de létablissement",
        "content": "Brief: La Faculté est gérée par un conseil détablissement présidé par le Doyen. Le conseil de létablissement comprend des membres de droit, des représentants élus des personnels enseignants et des personnels administratifs et techniques, des représentants élus des étudiants, ainsi que des membres désignés parmi des personnalités extérieures. Responsabilite: Chef du département des Mathématiques Name: EL HALIMI Rachid",
        "metadata": {
            "url": "https://fstt.ac.ma/Portail2023/conseil-de-letablissement/"
        }
    },
    {
        "id": "665bad588e35f7aa7d019b99",
        "type": "faculty_council",
        "title": "Conseil de létablissement",
        "content": "Brief: La Faculté est gérée par un conseil détablissement présidé par le Doyen. Le conseil de létablissement comprend des membres de droit, des représentants élus des personnels enseignants et des personnels administratifs et techniques, des représentants élus des étudiants, ainsi que des membres désignés parmi des personnalités extérieures. Responsabilite: Chef du département de Génie Informatique Name: EL BRAK Mohamed ",
        "metadata": {
            "url": "https://fstt.ac.ma/Portail2023/conseil-de-letablissement/"
        }
    },
    {
        "id": "665bad588e35f7aa7d019b9a",
        "type": "faculty_council",
        "title": "Conseil de létablissement",
        "content": "Brief: La Faculté est gérée par un conseil détablissement présidé par le Doyen. Le conseil de létablissement comprend des membres de droit, des représentants élus des personnels enseignants et des personnels administratifs et techniques, des représentants élus des étudiants, ainsi que des membres désignés parmi des personnalités extérieures. Responsabilite: Chef du département des Sciences de la Terre Name: BOULAASSAL Hakim",
        "metadata": {
            "url": "https://fstt.ac.ma/Portail2023/conseil-de-letablissement/"
        }
    },
    {
        "id": "665bad588e35f7aa7d019b9b",
        "type": "faculty_council",
        "title": "Commission Scientifique",
        "content": "Brief: Responsabilite: Doyen Name: DIANI Mustapha",
        "metadata": {
            "url": "https://fstt.ac.ma/Portail2023/commission-scientifique/"
        }
    },
    {
        "id": "665bad588e35f7aa7d019b9c",
        "type": "faculty_council",
        "title": "Commission Scientifique",
        "content": "Brief: Responsabilite: Vice Doyen de la Recherche et de la coopération Name: OUARDOUZ Mustapha",
        "metadata": {
            "url": "https://fstt.ac.ma/Portail2023/commission-scientifique/"
        }
    },
    {
        "id": "665bad588e35f7aa7d019b9d",
        "type": "faculty_council",
        "title": "Commission Scientifique",
        "content": "Brief: Responsabilite: Vice Doyen de la Formation Name: JBILOU Mohammed",
        "metadata": {
            "url": "https://fstt.ac.ma/Portail2023/commission-scientifique/"
        }
    },
    {
        "id": "665bad588e35f7aa7d019b9e",
        "type": "faculty_council",
        "title": "Commission Scientifique",
        "content": "Brief: Responsabilite: P.E.S Name: ARHRIB Abdesslam ",
        "metadata": {
            "url": "https://fstt.ac.ma/Portail2023/commission-scientifique/"
        }
    },
    {
        "id": "665bad588e35f7aa7d019b9f",
        "type": "faculty_council",
        "title": "Commission Scientifique",
        "content": "Brief: Responsabilite: P.E.S Name: EL HARZLI Mohamed",
        "metadata": {
            "url": "https://fstt.ac.ma/Portail2023/commission-scientifique/"
        }
    },
    {
        "id": "665bad588e35f7aa7d019ba0",
        "type": "faculty_council",
        "title": "Commission Scientifique",
        "content": "Brief: Responsabilite: P.E.S Name: EN-NAIMI El Mokhtar",
        "metadata": {
            "url": "https://fstt.ac.ma/Portail2023/commission-scientifique/"
        }
    },
    {
        "id": "665bad588e35f7aa7d019ba1",
        "type": "faculty_council",
        "title": "Commission de la Recherche Scientifique et de Coopération",
        "content": "Brief: Responsabilite: Doyen Name: DIANI Mustapha",
        "metadata": {
            "url": "https://fstt.ac.ma/Portail2023/commission-recherche-scientifique-cooperation/"
        }
    },
    {
        "id": "665bad588e35f7aa7d019ba2",
        "type": "faculty_council",
        "title": "Commission de la Recherche Scientifique et de Coopération",
        "content": "Brief: Responsabilite: Vice Doyen de la Recherche et de la coopération Name: OUARDOUZ Mustapha",
        "metadata": {
            "url": "https://fstt.ac.ma/Portail2023/commission-recherche-scientifique-cooperation/"
        }
    },
    {
        "id": "665bad588e35f7aa7d019ba3",
        "type": "faculty_council",
        "title": "Commission de la Recherche Scientifique et de Coopération",
        "content": "Brief: Responsabilite: Vice Doyen de la Formation Name: JBILOU Mohammed",
        "metadata": {
            "url": "https://fstt.ac.ma/Portail2023/commission-recherche-scientifique-cooperation/"
        }
    },
    {
        "id": "665bad588e35f7aa7d019ba4",
        "type": "faculty_council",
        "title": "Commission de la Recherche Scientifique et de Coopération",
        "content": "Brief: Responsabilite: Chef du département de Physique Name: AJDOUR Mounia",
        "metadata": {
            "url": "https://fstt.ac.ma/Portail2023/commission-recherche-scientifique-cooperation/"
        }
    },
    {
        "id": "665bad588e35f7aa7d019ba5",
        "type": "faculty_council",
        "title": "Commission de la Recherche Scientifique et de Coopération",
        "content": "Brief: Responsabilite: Chef du département de Génie Chimique Name: CHABBI Mohamed",
        "metadata": {
            "url": "https://fstt.ac.ma/Portail2023/commission-recherche-scientifique-cooperation/"
        }
    },
    {
        "id": "665bad588e35f7aa7d019ba6",
        "type": "faculty_council",
        "title": "Commission de suivi du budget",
        "content": "Brief: Responsabilite: Doyen Name: DIANI Mustapha",
        "metadata": {
            "url": "https://fstt.ac.ma/Portail2023/commission-suivi-du-budget/"
        }
    },
    {
        "id": "665bad588e35f7aa7d019ba7",
        "type": "faculty_council",
        "title": "Commission de suivi du budget",
        "content": "Brief: Responsabilite: Vice Doyen de la Formation Name: JBILOU Mohammed",
        "metadata": {
            "url": "https://fstt.ac.ma/Portail2023/commission-suivi-du-budget/"
        }
    },
    {
        "id": "665bad588e35f7aa7d019ba8",
        "type": "faculty_council",
        "title": "Commission de suivi du budget",
        "content": "Brief: Responsabilite: Vice Doyen de la Recherche et de la coopération Name: OUARDOUZ Mustapha",
        "metadata": {
            "url": "https://fstt.ac.ma/Portail2023/commission-suivi-du-budget/"
        }
    },
    {
        "id": "665bad588e35f7aa7d019ba9",
        "type": "faculty_council",
        "title": "Commission de suivi du budget",
        "content": "Brief: Responsabilite: Chef du département de Physique Name: AJDOUR Mounia",
        "metadata": {
            "url": "https://fstt.ac.ma/Portail2023/commission-suivi-du-budget/"
        }
    },
    {
        "id": "665bad588e35f7aa7d019baa",
        "type": "faculty_council",
        "title": "Commission de suivi du budget",
        "content": "Brief: Responsabilite: Chef du département de Génie Chimique Name: CHABBI Mohamed",
        "metadata": {
            "url": "https://fstt.ac.ma/Portail2023/commission-suivi-du-budget/"
        }
    },
    {
        "id": "665bad588e35f7aa7d019bac",
        "type": "faculty_council",
        "title": "Commission Pédagogique",
        "content": "Brief: Responsabilite: Doyen Name: DIANI Mustapha",
        "metadata": {
            "url": "https://fstt.ac.ma/Portail2023/commission-pedagogique/"
        }
    },
    {
        "id": "665bad588e35f7aa7d019bad",
        "type": "faculty_council",
        "title": "Commission Pédagogique",
        "content": "Brief: Responsabilite: Vice Doyen de la Formation Name: JBILOU Mohammed",
        "metadata": {
            "url": "https://fstt.ac.ma/Portail2023/commission-pedagogique/"
        }
    },
    {
        "id": "665bad588e35f7aa7d019bae",
        "type": "faculty_council",
        "title": "Commission Pédagogique",
        "content": "Brief: Responsabilite: Vice Doyen de la Recherche et de la coopération Name: OUARDOUZ Mustapha",
        "metadata": {
            "url": "https://fstt.ac.ma/Portail2023/commission-pedagogique/"
        }
    },
    {
        "id": "665bad588e35f7aa7d019baf",
        "type": "faculty_council",
        "title": "Commission Pédagogique",
        "content": "Brief: Responsabilite: Chef du département de Physique Name: AJDOUR Mounia",
        "metadata": {
            "url": "https://fstt.ac.ma/Portail2023/commission-pedagogique/"
        }
    },
    {
        "id": "665bad588e35f7aa7d019bb0",
        "type": "faculty_council",
        "title": "Commission Pédagogique",
        "content": "Brief: Responsabilite: Chef du département de Génie Chimique Name: CHABBI Mohamed",
        "metadata": {
            "url": "https://fstt.ac.ma/Portail2023/commission-pedagogique/"
        }
    },
    {
        "id": "665bad588e35f7aa7d019bb3",
        "type": "faculty_council",
        "title": "Conseil de létablissement",
        "content": "Brief: La Faculté est gérée par un conseil détablissement présidé par le Doyen. Le conseil de létablissement comprend des membres de droit, des représentants élus des personnels enseignants et des personnels administratifs et techniques, des représentants élus des étudiants, ainsi que des membres désignés parmi des personnalités extérieures. Responsabilite: Chef du département de Génie Électrique Name: HADJ BARAKA Ibrahim",
        "metadata": {
            "url": "https://fstt.ac.ma/Portail2023/conseil-de-letablissement/"
        }
    },
    {
        "id": "665bad588e35f7aa7d019bb4",
        "type": "faculty_council",
        "title": "Conseil de létablissement",
        "content": "Brief: La Faculté est gérée par un conseil détablissement présidé par le Doyen. Le conseil de létablissement comprend des membres de droit, des représentants élus des personnels enseignants et des personnels administratifs et techniques, des représentants élus des étudiants, ainsi que des membres désignés parmi des personnalités extérieures. Responsabilite: Chef du département de Génie Mécanique Name: ELAYACHI Ilham ",
        "metadata": {
            "url": "https://fstt.ac.ma/Portail2023/conseil-de-letablissement/"
        }
    },
    {
        "id": "665bad588e35f7aa7d019bb5",
        "type": "faculty_council",
        "title": "Conseil de létablissement",
        "content": "Brief: La Faculté est gérée par un conseil détablissement présidé par le Doyen. Le conseil de létablissement comprend des membres de droit, des représentants élus des personnels enseignants et des personnels administratifs et techniques, des représentants élus des étudiants, ainsi que des membres désignés parmi des personnalités extérieures. Responsabilite: Chef du département de Langue et Communication Name: OUCHEN Mohamed",
        "metadata": {
            "url": "https://fstt.ac.ma/Portail2023/conseil-de-letablissement/"
        }
    },
    {
        "id": "665bad588e35f7aa7d019bb6",
        "type": "faculty_council",
        "title": "Conseil de létablissement",
        "content": "Brief: La Faculté est gérée par un conseil détablissement présidé par le Doyen. Le conseil de létablissement comprend des membres de droit, des représentants élus des personnels enseignants et des personnels administratifs et techniques, des représentants élus des étudiants, ainsi que des membres désignés parmi des personnalités extérieures. Responsabilite: Chef du département des Sciences de la Vie Name: HASSANI ZERROUK Mounir",
        "metadata": {
            "url": "https://fstt.ac.ma/Portail2023/conseil-de-letablissement/"
        }
    },
    {
        "id": "665bad588e35f7aa7d019bb7",
        "type": "faculty_council",
        "title": "Conseil de létablissement",
        "content": "Brief: La Faculté est gérée par un conseil détablissement présidé par le Doyen. Le conseil de létablissement comprend des membres de droit, des représentants élus des personnels enseignants et des personnels administratifs et techniques, des représentants élus des étudiants, ainsi que des membres désignés parmi des personnalités extérieures. Responsabilite: Représentant des P.E.S Name: AOUNI Abdesamad",
        "metadata": {
            "url": "https://fstt.ac.ma/Portail2023/conseil-de-letablissement/"
        }
    },
    {
        "id": "665bad588e35f7aa7d019bb8",
        "type": "faculty_council",
        "title": "Conseil de létablissement",
        "content": "Brief: La Faculté est gérée par un conseil détablissement présidé par le Doyen. Le conseil de létablissement comprend des membres de droit, des représentants élus des personnels enseignants et des personnels administratifs et techniques, des représentants élus des étudiants, ainsi que des membres désignés parmi des personnalités extérieures. Responsabilite: Représentant des P.E.S Name: BOUASSAB Abderrahman",
        "metadata": {
            "url": "https://fstt.ac.ma/Portail2023/conseil-de-letablissement/"
        }
    },
    {
        "id": "665bad588e35f7aa7d019bb9",
        "type": "faculty_council",
        "title": "Conseil de létablissement",
        "content": "Brief: La Faculté est gérée par un conseil détablissement présidé par le Doyen. Le conseil de létablissement comprend des membres de droit, des représentants élus des personnels enseignants et des personnels administratifs et techniques, des représentants élus des étudiants, ainsi que des membres désignés parmi des personnalités extérieures. Responsabilite: Représentant des P.E.S Name: EL METOUI Mustapha",
        "metadata": {
            "url": "https://fstt.ac.ma/Portail2023/conseil-de-letablissement/"
        }
    },
    {
        "id": "665bad588e35f7aa7d019bba",
        "type": "faculty_council",
        "title": "Conseil de létablissement",
        "content": "Brief: La Faculté est gérée par un conseil détablissement présidé par le Doyen. Le conseil de létablissement comprend des membres de droit, des représentants élus des personnels enseignants et des personnels administratifs et techniques, des représentants élus des étudiants, ainsi que des membres désignés parmi des personnalités extérieures. Responsabilite: Représentant des P.E.S Name: EN-NAIMI El Mokhtar",
        "metadata": {
            "url": "https://fstt.ac.ma/Portail2023/conseil-de-letablissement/"
        }
    },
    {
        "id": "665bad588e35f7aa7d019bbb",
        "type": "faculty_council",
        "title": "Conseil de létablissement",
        "content": "Brief: La Faculté est gérée par un conseil détablissement présidé par le Doyen. Le conseil de létablissement comprend des membres de droit, des représentants élus des personnels enseignants et des personnels administratifs et techniques, des représentants élus des étudiants, ainsi que des membres désignés parmi des personnalités extérieures. Responsabilite: Représentant des P.H Name: DERFOUFI Soufiane",
        "metadata": {
            "url": "https://fstt.ac.ma/Portail2023/conseil-de-letablissement/"
        }
    },
    {
        "id": "665bad588e35f7aa7d019bbc",
        "type": "faculty_council",
        "title": "Commission Scientifique",
        "content": "Brief: Responsabilite: P.E.S Name: ROSSI Abdelhamid",
        "metadata": {
            "url": "https://fstt.ac.ma/Portail2023/commission-scientifique/"
        }
    },
    {
        "id": "665bad588e35f7aa7d019bbd",
        "type": "faculty_council",
        "title": "Commission Scientifique",
        "content": "Brief: Responsabilite: P.E.S (Désignée) Name: AMHARREF Mina ",
        "metadata": {
            "url": "https://fstt.ac.ma/Portail2023/commission-scientifique/"
        }
    },
    {
        "id": "665bad588e35f7aa7d019bbe",
        "type": "faculty_council",
        "title": "Commission Scientifique",
        "content": "Brief: Responsabilite: P.E.S (Désigné) Name: CHAFIK Tarik ",
        "metadata": {
            "url": "https://fstt.ac.ma/Portail2023/commission-scientifique/"
        }
    },
    {
        "id": "665bad588e35f7aa7d019bbf",
        "type": "faculty_council",
        "title": "Commission Scientifique",
        "content": "Brief: Responsabilite: Chef du département de Physique Name: AJDOUR Mounia",
        "metadata": {
            "url": "https://fstt.ac.ma/Portail2023/commission-scientifique/"
        }
    },
    {
        "id": "665bad588e35f7aa7d019bc0",
        "type": "faculty_council",
        "title": "Commission Scientifique",
        "content": "Brief: Responsabilite: Chef du département de Génie Chimique Name: CHABBI Mohamed",
        "metadata": {
            "url": "https://fstt.ac.ma/Portail2023/commission-scientifique/"
        }
    },
    {
        "id": "665bad588e35f7aa7d019bc1",
        "type": "faculty_council",
        "title": "Commission Scientifique",
        "content": "Brief: Responsabilite: Chef du département des Mathématiques Name: EL HALIMI Rachid",
        "metadata": {
            "url": "https://fstt.ac.ma/Portail2023/commission-scientifique/"
        }
    },
    {
        "id": "665bad588e35f7aa7d019bc2",
        "type": "faculty_council",
        "title": "Commission Scientifique",
        "content": "Brief: Responsabilite: Chef du département de Génie Informatique Name: EL BRAK Mohamed",
        "metadata": {
            "url": "https://fstt.ac.ma/Portail2023/commission-scientifique/"
        }
    },
    {
        "id": "665bad588e35f7aa7d019bc3",
        "type": "faculty_council",
        "title": "Commission Scientifique",
        "content": "Brief: Responsabilite: Chef du département des Sciences de la Terre Name: BOULAASSAL Hakim",
        "metadata": {
            "url": "https://fstt.ac.ma/Portail2023/commission-scientifique/"
        }
    },
    {
        "id": "665bad588e35f7aa7d019bc4",
        "type": "faculty_council",
        "title": "Commission de la Recherche Scientifique et de Coopération",
        "content": "Brief: Responsabilite: Chef du département des Mathématiques Name: EL HALIMI Rachid",
        "metadata": {
            "url": "https://fstt.ac.ma/Portail2023/commission-recherche-scientifique-cooperation/"
        }
    },
    {
        "id": "665bad588e35f7aa7d019bc5",
        "type": "faculty_council",
        "title": "Commission de la Recherche Scientifique et de Coopération",
        "content": "Brief: Responsabilite: Chef du département de Génie Informatique Name: EL BRAK Mohamed ",
        "metadata": {
            "url": "https://fstt.ac.ma/Portail2023/commission-recherche-scientifique-cooperation/"
        }
    },
    {
        "id": "665bad588e35f7aa7d019bc6",
        "type": "faculty_council",
        "title": "Commission de la Recherche Scientifique et de Coopération",
        "content": "Brief: Responsabilite: Chef du département des Sciences de la Terre Name: BOULAASSAL Hakim",
        "metadata": {
            "url": "https://fstt.ac.ma/Portail2023/commission-recherche-scientifique-cooperation/"
        }
    },
    {
        "id": "665bad588e35f7aa7d019bc7",
        "type": "faculty_council",
        "title": "Commission de la Recherche Scientifique et de Coopération",
        "content": "Brief: Responsabilite: Chef du département de Génie Électrique Name: HADJ BARAKA Ibrahim",
        "metadata": {
            "url": "https://fstt.ac.ma/Portail2023/commission-recherche-scientifique-cooperation/"
        }
    },
    {
        "id": "665bad588e35f7aa7d019bc8",
        "type": "faculty_council",
        "title": "Commission de la Recherche Scientifique et de Coopération",
        "content": "Brief: Responsabilite: Chef du département de Génie Mécanique Name: ELAYACHI Ilham",
        "metadata": {
            "url": "https://fstt.ac.ma/Portail2023/commission-recherche-scientifique-cooperation/"
        }
    },
    {
        "id": "665bad588e35f7aa7d019bc9",
        "type": "faculty_council",
        "title": "Commission de la Recherche Scientifique et de Coopération",
        "content": "Brief: Responsabilite: Chef du département de Langue et Communication Name: OUCHEN Mohamed",
        "metadata": {
            "url": "https://fstt.ac.ma/Portail2023/commission-recherche-scientifique-cooperation/"
        }
    },
    {
        "id": "665bad588e35f7aa7d019bca",
        "type": "faculty_council",
        "title": "Commission de la Recherche Scientifique et de Coopération",
        "content": "Brief: Responsabilite: Chef du département des Sciences de la Vie Name: HASSANI ZERROUK Mounir",
        "metadata": {
            "url": "https://fstt.ac.ma/Portail2023/commission-recherche-scientifique-cooperation/"
        }
    },
    {
        "id": "665bad588e35f7aa7d019bcb",
        "type": "faculty_council",
        "title": "Commission de la Recherche Scientifique et de Coopération",
        "content": "Brief: Responsabilite: Représentant des P.E.S Name: AOUNI Abdesamad",
        "metadata": {
            "url": "https://fstt.ac.ma/Portail2023/commission-recherche-scientifique-cooperation/"
        }
    },
    {
        "id": "665bad588e35f7aa7d019bcc",
        "type": "faculty_council",
        "title": "Commission de la Recherche Scientifique et de Coopération",
        "content": "Brief: Responsabilite: Représentant des P.E.S Name: EL METOUI Mustapha",
        "metadata": {
            "url": "https://fstt.ac.ma/Portail2023/commission-recherche-scientifique-cooperation/"
        }
    },
    {
        "id": "665bad588e35f7aa7d019bcd",
        "type": "faculty_council",
        "title": "Commission de suivi du budget",
        "content": "Brief: Responsabilite: Chef du département des Mathématiques Name: EL HALIMI Rachid",
        "metadata": {
            "url": "https://fstt.ac.ma/Portail2023/commission-suivi-du-budget/"
        }
    },
    {
        "id": "665bad588e35f7aa7d019bce",
        "type": "faculty_council",
        "title": "Commission de suivi du budget",
        "content": "Brief: Responsabilite: Chef du département des Sciences de la Terre Name: BOULAASSAL Hakim",
        "metadata": {
            "url": "https://fstt.ac.ma/Portail2023/commission-suivi-du-budget/"
        }
    },
    {
        "id": "665bad588e35f7aa7d019bcf",
        "type": "faculty_council",
        "title": "Commission de suivi du budget",
        "content": "Brief: Responsabilite: Chef du département de Génie Électrique Name: HADJ BARAKA Ibrahim",
        "metadata": {
            "url": "https://fstt.ac.ma/Portail2023/commission-suivi-du-budget/"
        }
    },
    {
        "id": "665bad588e35f7aa7d019bd0",
        "type": "faculty_council",
        "title": "Commission de suivi du budget",
        "content": "Brief: Responsabilite: Chef du département de Génie Mécanique Name: ELAYACHI Ilham",
        "metadata": {
            "url": "https://fstt.ac.ma/Portail2023/commission-suivi-du-budget/"
        }
    },
    {
        "id": "665bad588e35f7aa7d019bd1",
        "type": "faculty_council",
        "title": "Commission de suivi du budget",
        "content": "Brief: Responsabilite: Chef du département de Langue et Communication Name: OUCHEN Mohamed",
        "metadata": {
            "url": "https://fstt.ac.ma/Portail2023/commission-suivi-du-budget/"
        }
    },
    {
        "id": "665bad588e35f7aa7d019bd2",
        "type": "faculty_council",
        "title": "Commission de suivi du budget",
        "content": "Brief: Responsabilite: Chef du département des Sciences de la Vie Name: HASSANI ZERROUK Mounir",
        "metadata": {
            "url": "https://fstt.ac.ma/Portail2023/commission-suivi-du-budget/"
        }
    },
    {
        "id": "665bad588e35f7aa7d019bd3",
        "type": "faculty_council",
        "title": "Commission de suivi du budget",
        "content": "Brief: Responsabilite: Chef du département de Génie Informatique Name: EL BRAK Mohamed ",
        "metadata": {
            "url": "https://fstt.ac.ma/Portail2023/commission-suivi-du-budget/"
        }
    },
    {
        "id": "665bad588e35f7aa7d019bd4",
        "type": "faculty_council",
        "title": "Commission de suivi du budget",
        "content": "Brief: Responsabilite: Représentant des P.E.S Name: BOUASSAB Abderrahman",
        "metadata": {
            "url": "https://fstt.ac.ma/Portail2023/commission-suivi-du-budget/"
        }
    },
    {
        "id": "665bad588e35f7aa7d019bd5",
        "type": "faculty_council",
        "title": "Commission Pédagogique",
        "content": "Brief: Responsabilite: Chef du département des Mathématiques Name: EL HALIMI Rachid",
        "metadata": {
            "url": "https://fstt.ac.ma/Portail2023/commission-pedagogique/"
        }
    },
    {
        "id": "665bad588e35f7aa7d019bd6",
        "type": "faculty_council",
        "title": "Commission Pédagogique",
        "content": "Brief: Responsabilite: Chef du département des Sciences de la Terre Name: BOULAASSAL Hakim",
        "metadata": {
            "url": "https://fstt.ac.ma/Portail2023/commission-pedagogique/"
        }
    },
    {
        "id": "665bad588e35f7aa7d019bd7",
        "type": "faculty_council",
        "title": "Commission Pédagogique",
        "content": "Brief: Responsabilite: Chef du département de Génie Électrique Name: HADJ BARAKA Ibrahim",
        "metadata": {
            "url": "https://fstt.ac.ma/Portail2023/commission-pedagogique/"
        }
    },
    {
        "id": "665bad588e35f7aa7d019bd8",
        "type": "faculty_council",
        "title": "Commission Pédagogique",
        "content": "Brief: Responsabilite: Chef du département de Génie Mécanique Name: ELAYACHI Ilham ",
        "metadata": {
            "url": "https://fstt.ac.ma/Portail2023/commission-pedagogique/"
        }
    },
    {
        "id": "665bad588e35f7aa7d019bd9",
        "type": "faculty_council",
        "title": "Commission Pédagogique",
        "content": "Brief: Responsabilite: Chef du département de Langue et Communication Name: OUCHEN Mohamed",
        "metadata": {
            "url": "https://fstt.ac.ma/Portail2023/commission-pedagogique/"
        }
    },
    {
        "id": "665bad588e35f7aa7d019bda",
        "type": "faculty_council",
        "title": "Commission Pédagogique",
        "content": "Brief: Responsabilite: Chef du département des Sciences de la Vie Name: HASSANI ZERROUK Mounir",
        "metadata": {
            "url": "https://fstt.ac.ma/Portail2023/commission-pedagogique/"
        }
    },
    {
        "id": "665bad588e35f7aa7d019bdb",
        "type": "faculty_council",
        "title": "Commission Pédagogique",
        "content": "Brief: Responsabilite: Chef du département de Génie Informatique Name: EL BRAK Mohamed ",
        "metadata": {
            "url": "https://fstt.ac.ma/Portail2023/commission-pedagogique/"
        }
    },
    {
        "id": "665bad588e35f7aa7d019bdc",
        "type": "faculty_council",
        "title": "Commission Pédagogique",
        "content": "Brief: Responsabilite: Représentant des P.E.S Name: BOUASSAB Abderrahman",
        "metadata": {
            "url": "https://fstt.ac.ma/Portail2023/commission-pedagogique/"
        }
    },
    {
        "id": "665bad588e35f7aa7d019bdd",
        "type": "faculty_council",
        "title": "Commission Pédagogique",
        "content": "Brief: Responsabilite: Représentant des P.E.S Name: EL METOUI Mustapha",
        "metadata": {
            "url": "https://fstt.ac.ma/Portail2023/commission-pedagogique/"
        }
    },
    {
        "id": "665bad588e35f7aa7d019bde",
        "type": "faculty_council",
        "title": "Conseil de létablissement",
        "content": "Brief: La Faculté est gérée par un conseil détablissement présidé par le Doyen. Le conseil de létablissement comprend des membres de droit, des représentants élus des personnels enseignants et des personnels administratifs et techniques, des représentants élus des étudiants, ainsi que des membres désignés parmi des personnalités extérieures. Responsabilite: Représentant des P.H Name: EL MERZGUIOUI Mhamed",
        "metadata": {
            "url": "https://fstt.ac.ma/Portail2023/conseil-de-letablissement/"
        }
    },
    {
        "id": "665bad588e35f7aa7d019bdf",
        "type": "faculty_council",
        "title": "Conseil de létablissement",
        "content": "Brief: La Faculté est gérée par un conseil détablissement présidé par le Doyen. Le conseil de létablissement comprend des membres de droit, des représentants élus des personnels enseignants et des personnels administratifs et techniques, des représentants élus des étudiants, ainsi que des membres désignés parmi des personnalités extérieures. Responsabilite: Représentant des P.H Name: JEBARI HASSANI Khalid",
        "metadata": {
            "url": "https://fstt.ac.ma/Portail2023/conseil-de-letablissement/"
        }
    },
    {
        "id": "665bad588e35f7aa7d019be0",
        "type": "faculty_council",
        "title": "Conseil de létablissement",
        "content": "Brief: La Faculté est gérée par un conseil détablissement présidé par le Doyen. Le conseil de létablissement comprend des membres de droit, des représentants élus des personnels enseignants et des personnels administratifs et techniques, des représentants élus des étudiants, ainsi que des membres désignés parmi des personnalités extérieures. Responsabilite: Représentant des P.H Name: ZANOUNI Mohamed",
        "metadata": {
            "url": "https://fstt.ac.ma/Portail2023/conseil-de-letablissement/"
        }
    },
    {
        "id": "665bad588e35f7aa7d019be1",
        "type": "faculty_council",
        "title": "Conseil de létablissement",
        "content": "Brief: La Faculté est gérée par un conseil détablissement présidé par le Doyen. Le conseil de létablissement comprend des membres de droit, des représentants élus des personnels enseignants et des personnels administratifs et techniques, des représentants élus des étudiants, ainsi que des membres désignés parmi des personnalités extérieures. Responsabilite: Représentant des P.A Name: BOUAYAD Nouredin",
        "metadata": {
            "url": "https://fstt.ac.ma/Portail2023/conseil-de-letablissement/"
        }
    },
    {
        "id": "665bad588e35f7aa7d019be2",
        "type": "faculty_council",
        "title": "Conseil de létablissement",
        "content": "Brief: La Faculté est gérée par un conseil détablissement présidé par le Doyen. Le conseil de létablissement comprend des membres de droit, des représentants élus des personnels enseignants et des personnels administratifs et techniques, des représentants élus des étudiants, ainsi que des membres désignés parmi des personnalités extérieures. Responsabilite: Représentant des P.A Name: BOUZID Saida ",
        "metadata": {
            "url": "https://fstt.ac.ma/Portail2023/conseil-de-letablissement/"
        }
    },
    {
        "id": "665bad588e35f7aa7d019be3",
        "type": "faculty_council",
        "title": "Conseil de létablissement",
        "content": "Brief: La Faculté est gérée par un conseil détablissement présidé par le Doyen. Le conseil de létablissement comprend des membres de droit, des représentants élus des personnels enseignants et des personnels administratifs et techniques, des représentants élus des étudiants, ainsi que des membres désignés parmi des personnalités extérieures. Responsabilite: Représentant des P.A Name: FIKRI BENBRAHIM Chahinaze ",
        "metadata": {
            "url": "https://fstt.ac.ma/Portail2023/conseil-de-letablissement/"
        }
    },
    {
        "id": "665bad588e35f7aa7d019be4",
        "type": "faculty_council",
        "title": "Conseil de létablissement",
        "content": "Brief: La Faculté est gérée par un conseil détablissement présidé par le Doyen. Le conseil de létablissement comprend des membres de droit, des représentants élus des personnels enseignants et des personnels administratifs et techniques, des représentants élus des étudiants, ainsi que des membres désignés parmi des personnalités extérieures. Responsabilite: Représentant des P.A Name: KHALI ISSA Sanae ",
        "metadata": {
            "url": "https://fstt.ac.ma/Portail2023/conseil-de-letablissement/"
        }
    },
    {
        "id": "665bad588e35f7aa7d019be5",
        "type": "faculty_council",
        "title": "Conseil de létablissement",
        "content": "Brief: La Faculté est gérée par un conseil détablissement présidé par le Doyen. Le conseil de létablissement comprend des membres de droit, des représentants élus des personnels enseignants et des personnels administratifs et techniques, des représentants élus des étudiants, ainsi que des membres désignés parmi des personnalités extérieures. Responsabilite: Représentant des Personnels Administratifs et Techniques Name: EL MAMOUN Abdellah",
        "metadata": {
            "url": "https://fstt.ac.ma/Portail2023/conseil-de-letablissement/"
        }
    },
    {
        "id": "665bad588e35f7aa7d019be6",
        "type": "faculty_council",
        "title": "Conseil de létablissement",
        "content": "Brief: La Faculté est gérée par un conseil détablissement présidé par le Doyen. Le conseil de létablissement comprend des membres de droit, des représentants élus des personnels enseignants et des personnels administratifs et techniques, des représentants élus des étudiants, ainsi que des membres désignés parmi des personnalités extérieures. Responsabilite: Représentant des Personnels Administratifs et Techniques Name: MAAREF Abdelkader",
        "metadata": {
            "url": "https://fstt.ac.ma/Portail2023/conseil-de-letablissement/"
        }
    },
    {
        "id": "665bad588e35f7aa7d019be7",
        "type": "faculty_council",
        "title": "Commission Scientifique",
        "content": "Brief: Responsabilite: Chef du département de Génie Électrique Name: HADJ BARAKA Ibrahim",
        "metadata": {
            "url": "https://fstt.ac.ma/Portail2023/commission-scientifique/"
        }
    },
    {
        "id": "665bad588e35f7aa7d019be8",
        "type": "faculty_council",
        "title": "Commission Scientifique",
        "content": "Brief: Responsabilite: Chef du département de Génie Mécanique Name: ELAYACHI Ilham ",
        "metadata": {
            "url": "https://fstt.ac.ma/Portail2023/commission-scientifique/"
        }
    },
    {
        "id": "665bad588e35f7aa7d019be9",
        "type": "faculty_council",
        "title": "Commission Scientifique",
        "content": "Brief: Responsabilite: Chef du département de Langue et Communication Name: OUCHEN Mohamed",
        "metadata": {
            "url": "https://fstt.ac.ma/Portail2023/commission-scientifique/"
        }
    },
    {
        "id": "665bad588e35f7aa7d019bea",
        "type": "faculty_council",
        "title": "Commission Scientifique",
        "content": "Brief: Responsabilite: Chef du département des Sciences de la Vie Name: HASSANI ZERROUK Mounir",
        "metadata": {
            "url": "https://fstt.ac.ma/Portail2023/commission-scientifique/"
        }
    },
    {
        "id": "665bad588e35f7aa7d019beb",
        "type": "faculty_council",
        "title": "Commission de la Recherche Scientifique et de Coopération",
        "content": "Brief: Responsabilite: Représentant des P.E.S Name: EN-NAIMI El Mokhtar",
        "metadata": {
            "url": "https://fstt.ac.ma/Portail2023/commission-recherche-scientifique-cooperation/"
        }
    },
    {
        "id": "665bad588e35f7aa7d019bec",
        "type": "faculty_council",
        "title": "Commission de la Recherche Scientifique et de Coopération",
        "content": "Brief: Responsabilite: Représentant des P.H Name: EL MERZGUIOUI Mhamed",
        "metadata": {
            "url": "https://fstt.ac.ma/Portail2023/commission-recherche-scientifique-cooperation/"
        }
    },
    {
        "id": "665bad588e35f7aa7d019bed",
        "type": "faculty_council",
        "title": "Commission de la Recherche Scientifique et de Coopération",
        "content": "Brief: Responsabilite: Représentant des P.H Name: JEBARI HASSANI Khalid",
        "metadata": {
            "url": "https://fstt.ac.ma/Portail2023/commission-recherche-scientifique-cooperation/"
        }
    },
    {
        "id": "665bad588e35f7aa7d019bee",
        "type": "faculty_council",
        "title": "Commission de la Recherche Scientifique et de Coopération",
        "content": "Brief: Responsabilite: Représentant des P.H Name: ZANOUNI Mohamed",
        "metadata": {
            "url": "https://fstt.ac.ma/Portail2023/commission-recherche-scientifique-cooperation/"
        }
    },
    {
        "id": "665bad588e35f7aa7d019bef",
        "type": "faculty_council",
        "title": "Commission de la Recherche Scientifique et de Coopération",
        "content": "Brief: Responsabilite: Représentant des P.A Name: BOUZID Saida ",
        "metadata": {
            "url": "https://fstt.ac.ma/Portail2023/commission-recherche-scientifique-cooperation/"
        }
    },
    {
        "id": "665bad588e35f7aa7d019bf0",
        "type": "faculty_council",
        "title": "Commission de la Recherche Scientifique et de Coopération",
        "content": "Brief: Responsabilite: Représentant des P.A Name: FIKRI BENBRAHIM Chahinaze",
        "metadata": {
            "url": "https://fstt.ac.ma/Portail2023/commission-recherche-scientifique-cooperation/"
        }
    },
    {
        "id": "665bad588e35f7aa7d019bf1",
        "type": "faculty_council",
        "title": "Commission de la Recherche Scientifique et de Coopération",
        "content": "Brief: Responsabilite: Représentant des P.A Name: KHALI ISSA Sanae ",
        "metadata": {
            "url": "https://fstt.ac.ma/Portail2023/commission-recherche-scientifique-cooperation/"
        }
    },
    {
        "id": "665bad588e35f7aa7d019bf3",
        "type": "faculty_council",
        "title": "Commission Pédagogique",
        "content": "Brief: Responsabilite: Représentant des P.E.S Name: EN-NAIMI El Mokhtar",
        "metadata": {
            "url": "https://fstt.ac.ma/Portail2023/commission-pedagogique/"
        }
    },
    {
        "id": "665bad588e35f7aa7d019bf4",
        "type": "faculty_council",
        "title": "Commission Pédagogique",
        "content": "Brief: Responsabilite: Représentant des P.H Name: DERFOUFI Soufiane",
        "metadata": {
            "url": "https://fstt.ac.ma/Portail2023/commission-pedagogique/"
        }
    },
    {
        "id": "665bad588e35f7aa7d019bf5",
        "type": "faculty_council",
        "title": "Commission Pédagogique",
        "content": "Brief: Responsabilite: Représentant des P.H Name: EL MERZGUIOUI Mhamed",
        "metadata": {
            "url": "https://fstt.ac.ma/Portail2023/commission-pedagogique/"
        }
    },
    {
        "id": "665bad588e35f7aa7d019bf6",
        "type": "faculty_council",
        "title": "Commission Pédagogique",
        "content": "Brief: Responsabilite: Représentant des P.H Name: JEBARI HASSANI Khalid",
        "metadata": {
            "url": "https://fstt.ac.ma/Portail2023/commission-pedagogique/"
        }
    },
    {
        "id": "665bad588e35f7aa7d019bf7",
        "type": "faculty_council",
        "title": "Commission Pédagogique",
        "content": "Brief: Responsabilite: Représentant des P.H Name: ZANOUNI Mohamed",
        "metadata": {
            "url": "https://fstt.ac.ma/Portail2023/commission-pedagogique/"
        }
    },
    {
        "id": "665bad588e35f7aa7d019bf8",
        "type": "faculty_council",
        "title": "Commission Pédagogique",
        "content": "Brief: Responsabilite: Représentant des P.A Name: BOUZID Saida ",
        "metadata": {
            "url": "https://fstt.ac.ma/Portail2023/commission-pedagogique/"
        }
    },
    {
        "id": "665bad588e35f7aa7d019bf9",
        "type": "faculty_council",
        "title": "Commission Pédagogique",
        "content": "Brief: Responsabilite: Représentant des P.A Name: FIKRI BENBRAHIM Chahinaze ",
        "metadata": {
            "url": "https://fstt.ac.ma/Portail2023/commission-pedagogique/"
        }
    },
    {
        "id": "665bad588e35f7aa7d019bfa",
        "type": "faculty_council",
        "title": "Commission Pédagogique",
        "content": "Brief: Responsabilite: Représentant des P.A Name: KHALI ISSA Sanae",
        "metadata": {
            "url": "https://fstt.ac.ma/Portail2023/commission-pedagogique/"
        }
    },
    {
        "id": "665bad588e35f7aa7d019bfb",
        "type": "faculty_council",
        "title": "Conseil de létablissement",
        "content": "Brief: La Faculté est gérée par un conseil détablissement présidé par le Doyen. Le conseil de létablissement comprend des membres de droit, des représentants élus des personnels enseignants et des personnels administratifs et techniques, des représentants élus des étudiants, ainsi que des membres désignés parmi des personnalités extérieures. Responsabilite: Représentant des étudiants Name: EZ-ZHAR EL IDRISSI Mohammed Yassine",
        "metadata": {
            "url": "https://fstt.ac.ma/Portail2023/conseil-de-letablissement/"
        }
    },
    {
        "id": "665bad588e35f7aa7d019bfc",
        "type": "faculty_council",
        "title": "Conseil de létablissement",
        "content": "Brief: La Faculté est gérée par un conseil détablissement présidé par le Doyen. Le conseil de létablissement comprend des membres de droit, des représentants élus des personnels enseignants et des personnels administratifs et techniques, des représentants élus des étudiants, ainsi que des membres désignés parmi des personnalités extérieures. Responsabilite: Représentant des étudiants Name: JAYED Youssef",
        "metadata": {
            "url": "https://fstt.ac.ma/Portail2023/conseil-de-letablissement/"
        }
    },
    {
        "id": "665bad588e35f7aa7d019bfd",
        "type": "faculty_council",
        "title": "Commission Pédagogique",
        "content": "Brief: Responsabilite: Représentant des étudiants Name: JAYED Youssef",
        "metadata": {
            "url": "https://fstt.ac.ma/Portail2023/commission-pedagogique/"
        }
    },
    {
        "id": "665bad588e35f7aa7d019c03",
        "type": "faculty_council",
        "title": "Commission dActivités Culturelles et Sportives",
        "content": "Brief: Responsabilite: Doyen Name: DIANI Mustapha",
        "metadata": {
            "url": "https://fstt.ac.ma/Portail2023/commission-activites-culturelles-et-sportives/"
        }
    },
    {
        "id": "665bad588e35f7aa7d019c04",
        "type": "faculty_council",
        "title": "Commission dActivités Culturelles et Sportives",
        "content": "Brief: Responsabilite: Vice Doyen de la Formation Name: JBILOU Mohammed",
        "metadata": {
            "url": "https://fstt.ac.ma/Portail2023/commission-activites-culturelles-et-sportives/"
        }
    },
    {
        "id": "665bad588e35f7aa7d019c05",
        "type": "faculty_council",
        "title": "Commission dActivités Culturelles et Sportives",
        "content": "Brief: Responsabilite: Vice Doyen de la Recherche et de la coopération Name: OUARDOUZ Mustapha",
        "metadata": {
            "url": "https://fstt.ac.ma/Portail2023/commission-activites-culturelles-et-sportives/"
        }
    },
    {
        "id": "665bad588e35f7aa7d019c06",
        "type": "faculty_council",
        "title": "Commission dActivités Culturelles et Sportives",
        "content": "Brief: Responsabilite: Chef du département de Physique Name: AJDOUR Mounia",
        "metadata": {
            "url": "https://fstt.ac.ma/Portail2023/commission-activites-culturelles-et-sportives/"
        }
    },
    {
        "id": "665bad588e35f7aa7d019c07",
        "type": "faculty_council",
        "title": "Commission dActivités Culturelles et Sportives",
        "content": "Brief: Responsabilite: Chef du département de Génie Chimique Name: CHABBI Mohamed",
        "metadata": {
            "url": "https://fstt.ac.ma/Portail2023/commission-activites-culturelles-et-sportives/"
        }
    },
    {
        "id": "665bad588e35f7aa7d019c09",
        "type": "faculty_council",
        "title": "Commission dActivités Culturelles et Sportives",
        "content": "Brief: Responsabilite: Chef du département des Mathématiques Name: EL HALIMI Rachid",
        "metadata": {
            "url": "https://fstt.ac.ma/Portail2023/commission-activites-culturelles-et-sportives/"
        }
    },
    {
        "id": "665bad588e35f7aa7d019c0a",
        "type": "faculty_council",
        "title": "Commission dActivités Culturelles et Sportives",
        "content": "Brief: Responsabilite: Chef du département de Génie Informatique Name: EL BRAK Mohamed ",
        "metadata": {
            "url": "https://fstt.ac.ma/Portail2023/commission-activites-culturelles-et-sportives/"
        }
    },
    {
        "id": "665bad588e35f7aa7d019c0b",
        "type": "faculty_council",
        "title": "Commission dActivités Culturelles et Sportives",
        "content": "Brief: Responsabilite: Chef du département des Sciences de la Terre Name: BOULAASSAL Hakim",
        "metadata": {
            "url": "https://fstt.ac.ma/Portail2023/commission-activites-culturelles-et-sportives/"
        }
    },
    {
        "id": "665bad588e35f7aa7d019c0c",
        "type": "faculty_council",
        "title": "Commission dActivités Culturelles et Sportives",
        "content": "Brief: Responsabilite: Chef du département de Génie Électrique Name: HADJ BARAKA Ibrahim",
        "metadata": {
            "url": "https://fstt.ac.ma/Portail2023/commission-activites-culturelles-et-sportives/"
        }
    },
    {
        "id": "665bad588e35f7aa7d019c0d",
        "type": "faculty_council",
        "title": "Commission dActivités Culturelles et Sportives",
        "content": "Brief: Responsabilite: Chef du département de Génie Mécanique Name: ELAYACHI Ilham ",
        "metadata": {
            "url": "https://fstt.ac.ma/Portail2023/commission-activites-culturelles-et-sportives/"
        }
    },
    {
        "id": "665bad588e35f7aa7d019c0e",
        "type": "faculty_council",
        "title": "Commission dActivités Culturelles et Sportives",
        "content": "Brief: Responsabilite: Chef du département de Langue et Communication Name: OUCHEN Mohamed",
        "metadata": {
            "url": "https://fstt.ac.ma/Portail2023/commission-activites-culturelles-et-sportives/"
        }
    },
    {
        "id": "665bad588e35f7aa7d019c0f",
        "type": "faculty_council",
        "title": "Commission dActivités Culturelles et Sportives",
        "content": "Brief: Responsabilite: Chef du département des Sciences de la Vie Name: HASSANI ZERROUK Mounir",
        "metadata": {
            "url": "https://fstt.ac.ma/Portail2023/commission-activites-culturelles-et-sportives/"
        }
    },
    {
        "id": "665bad588e35f7aa7d019c10",
        "type": "faculty_council",
        "title": "Commission dActivités Culturelles et Sportives",
        "content": "Brief: Responsabilite: Représentant des étudiants Name: JAYED Youssef",
        "metadata": {
            "url": "https://fstt.ac.ma/Portail2023/commission-activites-culturelles-et-sportives/"
        }
    }
]