[
    {
        "id": "665bad588e35f7aa7d019bf2",
        "type": "continuing_education",
        "title": "",
        "content": "Au titre de lannée universitaire 2023-2024, la Faculté des Sciences et Techniques de Tanger offre quinze filières en formation continue couronnée par un Diplôme dUniversité.  Diplôme du Cycle dApprofondissement (DCA): (Bac3) : Sadresse aux techniciens spécialisés dentreprises et aux titulaires dun DEUG, dun DUT, dun BTS ou dun diplôme reconnu équivalent (Bac2). Cette formation permet aux sortants de sintégrer rapidement dans le monde professionnel ou de sadapter à de nouvelles fonctions au sein de lentreprise.Le DCA se prépare en une année.  Diplôme du Cycle des Etudes Supérieures Spécialisées (DCESS) : (Bac5) : Sadresse aux diplômés de (Bac3) en situation dactivité ou non. Le dispositif mis en place a pour objectif la création des conditions dinsertion, dune réinsertion ou une adaptation à de nouvelles fonctions dans lentreprise. Ce diplôme se prépare en quatre semestres (2 années). Pour plus d'informations, d'ordre pédagogique, contacter directement le professeur coordinateur de la filière choisie. Tél : 212664913791  212660104681  Email : '); document.write(addy92386); document.write(''); --n '); -- Cette adresse e-mail est protégée contre les robots spammeurs. Vous devez activer le JavaScript pour la visualiser. '); --  '); document.write(addy44214); document.write(''); --n '); -- Cette adresse e-mail est protégée contre les robots spammeurs. Vous devez activer le JavaScript pour la visualiser. '); --",
        "metadata": {
            "url": "http://formation-continue.ma/"
        }
    }
]