[
    {
        "id": "665bad5b8e35f7aa7d019c27",
        "type": "service",
        "title": "Centre de Fabrication Additive (CFA)",
        "content": "Brief: Le centre de fabrication additive de la FST de Tanger est un espace dédié à la recherche et au développement de la technologie dimpression 3D. Il est équipé de machines capables de produire des pièces complexes en utilisant une variété de matériaux, tels que le plastique, le métal, la résine et la céramique. Le centre offre des formations et des ateliers et dautres services aux étudiants, aux enseignants et aux chercheurs qui souhaitent expérimenter et tester cette technologie. Le centre de fabrication additive est un lieu de collaboration et de partage des connaissances, où les membres de la communauté universitaire peuvent travailler ensemble pour repousser les limites de la technologie dimpression 3D et explorer de nouvelles applications dans divers domaines, tels que lingénierie, larchitecture, la médecine et lart. Pour bénéficier des prestations du CFA merci de remplir le formulaire suivant : Cliquez-ici Ou scanner le code suivant : Content: Le broyage est un processus mécanique qui consiste à réduire la taille des particules dun matériau solide en utilisant des forces de compression, de cisaillement ou dimpact. Le broyage est souvent utilisé dans les industries de transformation des aliments, des produits chimiques, des minéraux et des matériaux de construction pour réduire la taille des matières premières et produire des produits finis de qualité supérieure.",
        "metadata": {
            "url": "https://fstt.ac.ma/Portail2023/cfa/"
        }
    },
    {
        "id": "665bad5b8e35f7aa7d019c2a",
        "type": "service",
        "title": "Centre de Développement et dInnovation (CDI)",
        "content": "Brief: Le Centre de Développement et dInnovation a été créé en 2015 au sein de la Faculté des Sciences et Techniques de Tanger. Le centre est une plateforme universitaire au service des chercheurs scientifiques et des industriels en matière danalyse et de caractérisation structurelle des matériaux. Ses objectifs sont : Répondre aux besoins des chercheurs scientifiques universitaires et des entreprises partenaires. Dynamiser et motiver la recherche scientifique au niveau local et régional Constituer un pont entre le monde académique et la sphère entrepreneuriale Pour bénéficier des prestations du CDI merci de remplir le formulaire suivant : Cliquez-ici Ou scanner le code suivant : Content: Le système de dépôt de couches minces HHV est conçu pour la recherche, le développement et les applications de pré-production dans toutes les branches de la science et de lindustrie. Sa conception modulaire permet une mise à niveau aisée, permettant au chercheur de suivre les nouvelles technologies de traitement au fur et à mesure de leur développement.Pompes à vide : La pompe intègre une pompe rotative à deux étages de 12 m3h, avec un filtre anti-brouillard dhuile à la sortie.Pompe turbomoléculaire avec piège à azote liquide : La version turbo de 500 ls améliore le pompage sous vide pour les vapeurs condensables grâce à la technologie turbo.Pompe à diffusion avec piège à azote liquide : LAuto 306, équipé dune pompe à diffusion de 600 ls et dun piège à azote liquide, offre une solution économique. Un refroidissement à leau et une commande intelligente des vannes en haute vide empêchent la migration de lhuile de diffusion.Système de vide automatique : Le contrôleur à vide PLC de lAuto 306 simplifie la mise sous vide, adapté aux opérateurs inexpérimentés. Il réduit automatiquement les temps de mise sous vide pour plus defficacité, avec des paramètres reproductibles pour des conditions de dépôt constantes et un affichage numérique pour surveiller le système.",
        "metadata": {
            "url": "https://fstt.ac.ma/Portail2023/cdi/"
        }
    }
]